id,IP,LAT,LONG
1,52.130.29.230,31.3188393,45.2806177
2,69.208.28.6,-9.5808,118.9951
3,61.27.133.78,30.190334,122.689752
4,65.96.103.29,-29.3652193,-51.9580164
5,202.68.101.53,38.919414,121.56013
6,15.169.9.2,53.5754959,10.0807485
7,223.191.56.97,47.2215999,5.9675963
8,53.121.253.124,-7.0543824,108.7690065
9,117.195.144.6,-8.68633,118.0771515
10,8.29.164.65,14.9242794,-91.5431764
11,250.38.253.223,35.8896981,139.7894017
12,84.86.223.243,-34.6893026,-58.5247124
13,143.12.151.117,59.0490896,60.5974703
14,88.198.60.235,5.1025787,73.0685665
15,238.59.99.140,35.1183378,69.2341133
16,159.8.91.135,40.2214779,116.2027916
17,203.69.178.39,35.202503,102.521807
18,126.30.97.181,6.7205676,11.2580472
19,242.86.78.107,28.777526,87.253343
20,159.83.7.244,-14.226324,-46.4393054
21,145.160.106.167,59.7222934,17.7824686
22,195.133.30.58,51.6773339,5.0633742
23,126.164.192.45,-34.1979128,-53.8617544
24,121.76.55.111,38.9583005,-104.7812654
25,110.95.205.22,41.4174956,128.2035269
26,97.103.88.136,23.028956,113.143441
27,218.86.77.113,15.25,-87.8
28,189.56.117.200,25.69498,115.601076
29,29.170.6.154,5.465831,95.4227312
30,149.88.26.182,10.018056,125.663981
31,122.17.188.3,15.0251887,99.9241575
32,61.53.121.118,-15.6500913,-71.6869874
33,150.55.248.83,-7.4839,108.2332
34,11.158.209.127,42.0438495,19.5731734
35,110.237.100.60,52.7312889,27.4572059
36,144.243.229.196,8.1243943,124.0495898
37,116.86.116.103,39.0820946,26.3724138
38,59.79.88.12,35.256108,113.322332
39,225.91.221.66,29.820745,90.908217
40,221.235.146.65,39.2494876,-9.1668376
41,253.230.227.207,-6.9899077,110.4098237
42,169.84.135.163,-9.9246703,-48.2592606
43,154.131.113.59,43.7251,-80.96723
44,169.230.0.116,11.5820122,122.755829
45,16.55.216.109,24.724853,118.489851
46,46.253.137.23,50.8177069,15.7230035
47,250.160.202.206,10.4477737,38.2031762
48,219.70.139.24,43.4426097,-80.5443489
49,201.203.53.202,19.4805668,-99.2058279
50,42.190.68.143,52.3716937,4.8925949
51,46.225.109.118,-8.416,117.1266
52,213.119.234.181,18.1084108,120.7648516
53,248.184.227.121,21.2537742,105.4899167
54,6.37.54.45,52.0601406,31.1836671
55,35.170.49.135,40.210071,119.710719
56,122.114.224.202,35.70265,51.1062824
57,51.166.79.87,40.450839,44.600998
58,216.144.107.40,55.7754263,40.4248943
59,10.86.137.43,41.7396715,-85.9262162
60,248.81.82.166,58.002775,25.9222439
61,10.151.42.222,23.020673,113.751799
62,127.201.47.252,32.15363,35.27646
63,242.2.93.149,60.3560649,5.3446343
64,26.184.105.73,19.6938888,-99.2591666
65,224.115.75.171,31.135176,121.439288
66,49.31.5.154,44.76324,17.19012
67,239.151.211.222,-6.9834604,112.3367573
68,29.157.140.246,32.809026,110.112629
69,91.114.151.17,25.606486,100.267638
70,14.247.122.197,26.6519555,49.9123454
71,192.94.111.89,-8.2211,113.2577
72,200.62.192.35,6.737092,124.600287
73,131.227.157.185,37.022024,104.423539
74,101.166.13.52,51.9560027,5.9280255
75,5.83.120.19,-12.48564,-75.188667
76,17.151.114.133,56.5637319,37.4286044
77,243.254.143.167,22.64879,114.197173
78,113.231.62.237,-9.9104,120.4871
79,5.46.248.122,41.3395549,-8.2519171
80,147.248.142.51,44.346784,5.8855505
81,51.146.231.141,29.718419,104.585735
82,17.11.197.155,28.929108,110.069347
83,17.118.199.72,6.027632,-75.431596
84,19.65.80.243,8.3796569,123.4261608
85,244.46.251.0,32.3909084,74.0572226
86,180.62.16.41,-21.2245142,48.3464426
87,87.232.195.161,-21.6368446,-41.0484428
88,185.74.97.40,37.888248,116.537067
89,211.197.166.191,13.5009779,7.1036396
90,138.121.134.31,29.1374566,-80.9980687
91,131.134.0.50,-8.47089,117.4996816
92,101.161.80.250,5.4356367,100.3091
93,152.15.22.16,-6.7216825,111.1995479
94,166.233.124.116,22.9073374,89.8984508
95,185.21.62.133,35.7244483,71.2874209
96,108.198.201.46,31.642718,105.170845
97,190.186.209.6,6.3741312,-5.4096633
98,203.197.29.86,-7.040572,106.8448686
99,195.120.79.94,9.665692,80.0161127
100,23.183.204.179,24.923028,115.310042
101,96.52.243.114,-6.6780425,106.9172768
102,82.246.170.122,16.959,120.7469
103,194.145.36.166,34.143068,-118.1412651
104,170.232.180.122,16.3270679,103.4916438
105,211.239.58.55,50.7022235,3.1685214
106,183.104.215.107,39.982718,117.078294
107,204.93.51.200,-19.7809492,-63.1973233
108,198.87.50.188,41.880872,123.957208
109,251.67.130.221,41.267244,123.236944
110,28.52.179.93,-33.3077816,-66.328463
111,19.169.77.244,49.1333104,13.740288
112,186.140.182.117,45.7168,-75.06599
113,77.34.206.254,6.4946003,124.1086807
114,114.177.148.162,18.029454,33.9917222
115,163.241.67.168,40.576319,110.044106
116,180.247.79.134,53.44972,89.52722
117,198.254.34.107,33.7654607,-84.38709
118,24.155.92.254,21.355574,106.8355372
119,142.73.21.51,28.541342,98.633013
120,82.17.192.133,-7.1525924,111.8971017
121,219.246.127.64,49.0194225,2.4613377
122,243.201.249.183,54.0541924,17.5871593
123,55.175.150.190,50.5368675,16.2335098
124,7.110.71.175,7.3766609,122.2900844
125,119.75.181.113,40.7325414,22.6920826
126,42.56.71.191,24.546876,107.04219
127,195.226.12.105,-7.740099,-40.2884386
128,214.242.100.212,-4.76732,11.8627984
129,149.186.169.244,35.0072371,33.9359756
130,205.143.244.60,50.4827,37.8563
131,13.161.89.160,45.5623078,18.188947
132,133.92.21.165,-6.866705,107.6626743
133,155.58.194.244,30.536294,114.648658
134,114.129.108.165,30.3352,111.566008
135,65.0.215.181,-23.5257248,-47.1322342
136,236.20.9.73,50.6422,17.61989
137,145.67.121.46,47.1666507,8.2894205
138,103.147.108.20,-30.9970748,26.3308478
139,234.177.83.228,0.5471811,-76.1319953
140,65.11.98.35,-6.612633,111.0631793
141,6.188.218.180,-7.4286111,108.0519444
142,22.51.75.20,24.162165,114.945555
143,36.184.30.153,22.052089,-98.2007943
144,1.227.44.138,-5.6861147,-35.2697802
145,123.192.118.213,-12.1349328,44.4252603
146,85.109.110.245,41.7973754,-8.4685789
147,122.161.168.5,46.0036703,14.5753497
148,188.15.198.77,48.0976547,-1.7819266
149,90.111.42.39,16.90641,44.27622
150,244.145.39.77,60.0702076,15.9334948
151,80.191.135.246,23.63841,115.182134
152,49.154.109.60,13.6757837,-89.2894733
153,32.8.236.205,20.0844095,105.3760604
154,252.32.136.89,8.1642301,99.6756794
155,231.246.178.142,14.0603353,-88.6952444
156,105.17.95.149,29.42,-98.49
157,121.79.105.57,28.79188,98.397783
158,139.247.32.182,34.3507417,135.6964987
159,60.26.53.248,9.7441,125.535149
160,17.187.66.115,-5.0938488,-81.0962172
161,129.7.238.123,36.7048972,52.6546785
162,130.173.109.183,50.7451251,14.3184521
163,76.104.52.169,60.0456385,30.3403569
164,39.116.9.85,25.2911632,110.2982851
165,20.249.194.61,61.6787713,64.4755218
166,20.171.116.12,-14.8842942,-70.5889612
167,232.190.193.92,2.6644279,98.9397139
168,32.219.3.79,42.2098979,20.7400297
169,153.80.73.161,47.2550409,-1.5401497
170,88.166.211.65,48.7803815,2.4549884
171,61.144.240.125,37.1408036,-8.8622841
172,9.169.187.204,14.7596318,121.0589081
173,205.16.107.83,14.0523794,-86.4478279
174,197.38.159.148,24.722747,118.152148
175,62.107.243.180,29.555948,113.87801
176,172.18.51.187,32.699635,35.303546
177,139.41.33.199,9.4693943,99.9688636
178,82.188.204.150,25.692699,117.847115
179,46.200.249.144,61.6724707,40.2145002
180,82.70.141.129,-23.6742228,-46.5436003
181,248.57.197.218,52.9779583,49.4270742
182,232.123.180.209,23.021478,113.121435
183,11.170.240.9,11.1649219,-4.3051542
184,217.72.161.188,45.4136084,-66.0783767
185,20.26.74.36,10.4704517,-66.7992646
186,57.178.207.139,-7.6543174,109.2920742
187,184.210.61.72,9.1249562,124.7445365
188,132.121.181.85,31.558356,106.005046
189,109.183.120.226,-7.2903571,109.0185719
190,123.62.121.34,43.3531543,-1.6300821
191,140.4.187.127,35.888861,14.437676
192,190.165.127.0,15.678696,104.1040204
193,153.249.231.32,22.919228,115.652151
194,24.222.89.235,7.160227,125.05806
195,194.161.136.245,-20.9400441,-48.4812248
196,93.47.237.81,48.6563441,6.1856748
197,145.231.29.35,-8.4589273,118.5155901
198,248.134.6.4,56.6342788,36.885813
199,108.186.223.73,31.126412,119.179656
200,176.102.59.220,46.9792838,35.4217024
201,204.208.215.159,35.490701,112.851831
202,155.157.10.246,40.025532,44.5593439
203,231.170.253.152,51.0768632,22.2730418
204,255.211.195.12,-19.44276,46.751492
205,99.27.103.38,45.813177,9.2292909
206,40.196.229.117,41.682758,20.32996
207,104.53.116.176,41.3345374,-8.5340895
208,55.169.229.106,32.3324642,-111.2129616
209,97.203.14.244,-17.5706623,-65.7698663
210,169.100.157.137,-10.7246,123.0979
211,65.127.241.12,12.4830445,15.4390254
212,164.183.155.51,38.2831459,22.0269562
213,92.183.199.187,32.0005346,-80.9760556
214,214.25.150.68,38.659618,-27.241708
215,222.178.220.245,36.759507,110.632006
216,140.57.110.88,43.0429124,1.9038837
217,173.102.134.44,25.130594,109.768451
218,220.132.189.181,16.004175,120.7806412
219,95.19.244.96,60.4741704,15.4902722
220,182.3.170.58,-8.1130067,112.0304508
221,113.221.183.7,32.396961,117.737327
222,102.94.41.15,60.0203894,41.0711197
223,122.208.150.109,32.81236,35.258613
224,211.7.9.30,29.8655146,121.4589773
225,81.90.208.177,49.7624347,19.0904515
226,150.127.87.134,22.424398,-79.9416549
227,52.224.178.130,40.32558,120.34431
228,252.175.231.27,19.6786236,-101.1808488
229,45.15.67.206,-8.5052,118.6133
230,122.218.215.109,39.6222264,20.8874294
231,174.85.37.26,38.3628307,-0.5210565
232,166.120.125.228,24.366556,116.697433
233,153.237.18.182,50.7911439,15.0266516
234,231.246.172.113,0.6488335,99.745565
235,162.62.29.27,41.811979,126.918087
236,0.244.56.190,38.5370103,140.8544636
237,162.96.187.101,37.0038961,21.9202642
238,50.49.33.71,27.8469,105.049027
239,45.96.236.135,29.484527,106.482346
240,204.91.207.105,-7.2760371,107.6925674
241,172.222.148.0,22.6281506,114.1150734
242,31.32.224.228,32.283121,35.385789
243,112.106.207.91,33.7150937,130.9966131
244,198.52.236.210,9.812741,106.2992912
245,238.179.228.90,49.9166765,36.1763412
246,243.16.183.23,46.09237,91.54796
247,176.118.225.176,50.52546,42.6645851
248,33.71.250.100,9.752419,122.4105
249,95.209.87.233,41.4232365,47.9193557
250,190.213.93.95,39.0063718,117.6852235
251,186.89.177.25,22.781631,108.273158
252,19.111.45.89,63.0097972,18.1864547
253,254.187.1.117,57.6044065,35.9190561
254,74.51.155.101,32.276495,111.468844
255,207.227.156.83,-34.6037075,-58.5096724
256,171.30.126.115,30.692993,112.573483
257,160.21.117.84,7.29417,125.62583
258,186.113.159.203,34.527114,108.842622
259,138.254.128.203,-26.2922169,28.205089
260,159.199.147.108,56.484419,84.950397
261,231.87.236.47,54.4350153,18.3395929
262,0.99.10.252,-22.4593525,-47.5369982
263,250.240.106.66,45.925854,6.1250598
264,23.194.199.32,33.9352916,133.0604733
265,189.175.154.34,-7.4104934,110.3279026
266,204.147.78.172,-3.9020493,135.7900209
267,219.116.159.1,51.2760107,22.5807371
268,92.215.26.81,-10.4555,121.9359
269,118.79.84.69,36.1678611,-115.0406679
270,63.118.233.36,24.27397,98.960434
271,1.163.72.242,-5.5944574,-78.7841007
272,151.250.159.35,52.7704654,17.9583306
273,156.118.213.98,59.2690301,17.675786
274,182.18.102.103,-23.5328871,-46.7919978
275,7.252.225.139,50.0644155,14.4200237
276,34.252.249.234,37.9133273,139.0158281
277,122.189.121.128,39.224791,117.135488
278,210.169.162.39,-10.9564306,-76.933337
279,65.89.134.131,40.44,-79.9599999
280,83.60.212.43,45.0775463,15.3692353
281,200.208.196.187,22.529403,103.93935
282,84.26.149.220,-14.67278,-75.225304
283,198.124.234.151,51.3541936,18.4554178
284,192.40.250.7,26.5241653,-77.0909809
285,178.44.150.70,-7.8533911,111.2994071
286,91.197.49.30,-30.9178625,-55.5469032
287,167.104.31.134,-6.788236,107.6392892
288,54.50.196.171,-12.0169195,-75.2799884
289,17.76.167.221,23.259479,113.824887
290,102.162.51.169,24.1573777,89.0581674
291,154.234.196.189,-6.6111441,106.8473377
292,207.21.142.143,47.81227,38.28822
293,19.83.139.173,52.969667,122.539307
294,107.227.74.247,49.681594,83.0180782
295,115.99.211.168,39.6003316,20.3077691
296,4.233.225.33,59.2695504,18.0574637
297,143.160.226.125,-6.9174639,107.6191228
298,71.242.240.177,-6.8016236,108.6235004
299,148.175.200.150,59.8053589,17.682881
300,146.81.63.205,51.1907529,42.2463427
301,196.84.153.94,60.3955998,22.3565914
302,130.250.236.131,13.7362437,124.1066725
303,197.176.197.98,21.0877573,105.6603149
304,47.83.205.18,48.2441219,28.2765218
305,14.166.119.89,22.513701,113.398577
306,87.236.214.109,14.6074523,121.1136216
307,138.72.138.126,24.1573777,89.0581674
308,2.2.12.170,29.657856,116.30275
309,143.205.36.9,14.4223149,-16.702825
310,186.141.252.115,32.627137,119.257096
311,99.4.134.75,38.5796262,141.2777515
312,202.173.227.96,41.2290184,-8.5381298
313,158.14.235.65,29.185721,117.468181
314,103.70.205.22,36.123561,138.1062209
315,31.121.69.255,46.774511,130.633035
316,77.31.82.181,30.4659284,30.9305801
317,129.152.226.226,50.8747818,15.7484458
318,170.152.73.203,-31.9421308,-65.1916804
319,197.185.76.99,59.3326658,18.056792
320,249.227.5.146,46.0565579,15.6625947
321,194.115.29.183,42.6586378,18.1013637
322,174.247.203.143,6.2958736,101.7296049
323,35.50.173.240,3.205886,101.5957199
324,226.234.212.227,-7.0226053,108.3845817
325,9.192.116.142,5.3278987,163.0080576
326,94.197.112.214,56.5155642,64.631671
327,60.240.131.205,-6.9620686,108.4854717
328,52.40.157.204,44.3338201,85.6264576
329,179.2.147.155,24.705643,118.43196
330,93.247.162.95,31.800137,115.416027
331,225.32.241.60,50.7504165,19.2676736
332,182.192.88.34,8.8910633,125.0326766
333,213.176.247.117,50.7326515,41.9594576
334,179.0.66.122,15.86056,120.55139
335,87.164.94.241,50.317117,30.298167
336,124.214.40.75,14.4103464,-88.9521595
337,83.142.16.184,39.8551211,44.6942731
338,106.202.186.180,1.4745288,124.8441178
339,135.181.147.46,7.619032,125.627616
340,190.49.124.12,-11.4077673,-69.4887886
341,19.81.131.11,-7.5690727,110.8312777
342,18.144.16.235,-6.5211331,106.8502879
343,178.64.23.147,31.2467156,121.445175
344,205.88.10.98,-6.927607,107.663944
345,101.222.215.49,57.881741,11.9364947
346,170.121.3.83,29.272581,104.874073
347,205.55.76.127,-8.2735418,114.8864193
348,124.245.117.15,50.5416315,13.7594816
349,154.115.2.240,25.549887,113.68437
350,248.205.221.104,17.18126,43.28811
351,100.3.234.189,53.5313317,43.6704377
352,217.196.157.115,59.2254827,9.5589227
353,190.160.187.85,31.889745,120.036434
354,49.8.205.114,41.6615259,-83.6861485
355,219.5.129.164,41.2699615,26.38509
356,195.225.176.33,29.8601155,69.1823141
357,144.187.217.118,38.2214782,-85.6794434
358,204.124.69.163,38.9680341,121.4703114
359,25.121.160.232,22.8225495,105.494688
360,241.131.12.9,15.2402083,-91.8440552
361,48.14.25.126,-7.6387228,111.0460407
362,177.209.234.39,49.0225427,17.6411818
363,191.37.216.107,68.708827,-52.870974
364,107.114.203.171,37.9400581,110.9938854
365,87.30.46.94,43.9704382,12.4867883
366,109.149.233.85,32.888994,120.555917
367,202.50.254.235,31.62329,35.10446
368,70.186.62.251,44.9878037,20.2567012
369,22.179.59.192,47.2495437,107.5408308
370,60.65.206.164,62.3926514,17.2942976
371,244.125.76.2,40.9785232,-8.4816505
372,18.251.203.134,9.834832,-75.120521
373,179.243.90.107,40.0150745,44.5191627
374,176.89.170.9,41.4591168,48.8020626
375,89.194.99.24,30.912962,75.854942
376,10.190.165.77,16.7733926,101.2451095
377,2.203.83.211,23.150928,113.347193
378,69.183.237.249,30.789876,103.455954
379,48.155.106.100,0.8231171,112.5662284
380,41.208.76.188,14.1399735,120.9620573
381,61.167.179.31,31.298974,120.585289
382,48.165.169.151,-6.6939179,111.5617354
383,195.90.65.27,15.7147233,120.851094
384,65.179.147.98,51.2235476,37.8775538
385,242.83.46.99,-7.2133284,110.3934388
386,106.143.8.75,50.0138436,18.9779408
387,8.128.69.72,27.826866,113.082216
388,80.190.104.118,-8.1031,112.6167
389,214.22.77.109,25.332842,118.732669
390,46.209.44.198,51.5350444,46.0081774
391,59.32.157.79,50.8290179,12.872972
392,237.157.15.155,11.9528558,121.9311073
393,29.161.83.168,-16.2768187,-39.0300323
394,180.154.70.56,-23.4500163,-51.70451
395,122.171.145.253,14.3248092,120.9774982
396,152.253.182.102,-9.5994215,119.3221307
397,19.175.224.32,-25.5085286,-54.6753231
398,24.248.154.36,38.9,-77.04
399,4.144.246.75,4.9237913,-52.3205637
400,115.44.219.5,49.9478668,19.8866771
401,252.15.164.74,57.2528644,16.4754832
402,64.159.102.197,-14.06355,32.4382307
403,10.137.239.57,6.6195382,-74.1709702
404,181.110.230.12,22.915094,112.044491
405,119.145.65.99,40.69,-73.81
406,62.87.17.65,32.070084,35.29528
407,172.20.115.203,13.7401075,-87.7135671
408,123.18.228.113,34.158997,108.906994
409,5.50.116.217,-7.2575486,107.8628297
410,175.82.145.35,29.972084,106.27613
411,50.117.227.253,-26.3374785,-60.4304186
412,252.65.227.82,39.9391612,116.4578203
413,51.116.128.97,46.7593351,103.5184746
414,232.229.98.165,-8.1405443,-36.371496
415,46.143.39.180,-7.3169911,107.0480378
416,210.232.63.97,60.1444151,30.1938428
417,119.16.168.24,-6.9815383,112.2995021
418,153.8.57.28,15.79903,120.4542479
419,210.79.182.73,37.5697358,140.4907047
420,19.59.29.239,40.946869,22.4510542
421,79.72.144.28,-26.2938504,27.916505
422,109.24.51.77,48.170403,126.2118229
423,120.32.159.217,31.348795,121.7666886
424,88.220.170.151,44.666926,19.2469148
425,73.92.219.140,13.966665,121.083337
426,201.187.199.28,21.956492,112.805131
427,165.243.140.205,19.238934,108.957345
428,232.240.143.193,-32.485681,-58.269543
429,207.132.231.84,15.0072129,120.7038246
430,173.41.23.164,53.3004898,-6.2634596
431,121.28.53.196,6.085685,8.3280086
432,41.177.203.183,-3.870003,-38.602824
433,5.190.231.188,-6.633333,-78.8
434,228.158.183.51,-6.308009,155.477221
435,29.27.132.110,-7.45,108.033333
436,231.134.245.117,-14.3322488,-56.6513853
437,115.33.241.42,30.493506,112.906645
438,189.204.212.186,14.2512158,121.0499837
439,82.9.125.19,-6.4668348,108.2347863
440,235.51.154.210,52.7229746,19.6926546
441,5.147.192.111,-15.6014109,-56.0978917
442,32.142.224.130,53.2238,78.9337
443,255.200.189.24,10.8220957,122.5296163
444,77.241.101.249,55.1518222,33.279163
445,77.40.189.253,33.2991249,117.2408191
446,38.38.26.94,37.8519345,23.8408158
447,66.118.38.15,52.476835,17.0263373
448,200.189.32.239,44.8726563,18.8106276
449,202.145.63.251,-0.4616728,-76.9931074
450,16.126.186.71,40.7822677,22.5735489
451,89.249.125.218,41.0251448,22.0056062
452,51.40.26.198,27.062407,108.739519
453,113.108.78.66,34.7871544,113.4242071
454,53.66.102.16,-7.5450262,111.6556388
455,132.159.60.83,-20.8420055,-40.7357215
456,109.91.222.231,45.478943,42.1414011
457,122.60.239.32,49.417735,19.6808046
458,31.213.236.29,58.295323,57.6968252
459,158.25.101.91,21.5743109,105.8215718
460,168.102.186.78,62.5465831,65.628237
461,130.171.147.99,47.3752386,-0.8453268
462,254.103.121.186,59.5448264,13.5422638
463,16.254.254.246,-6.6839542,106.9516627
464,165.81.185.154,8.0870678,124.5860781
465,253.56.152.79,-25.9239093,32.465802
466,205.20.146.109,-4.3220187,-40.7092475
467,199.228.74.138,39.982718,117.078294
468,86.191.61.114,-6.2686878,139.9469432
469,178.207.22.156,38.1278654,13.3486213
470,126.63.158.164,10.4151473,-66.7962869
471,9.112.193.64,14.5634196,121.0307955
472,214.137.19.99,54.9066121,70.4574593
473,245.124.167.177,34.728584,112.132488
474,39.27.53.91,52.4271002,21.6349927
475,199.77.97.142,-29.4169973,24.7380385
476,171.155.167.129,36.8456427,54.4393363
477,44.4.35.101,-10.2183,123.6274
478,184.35.41.148,50.64274,15.2540856
479,229.76.197.48,44.128014,18.1178262
480,204.23.44.91,-18.0580139,13.8361177
481,136.126.50.24,55.6691322,36.5321926
482,49.92.44.84,-22.7342864,-47.6480644
483,251.90.116.112,7.0708519,125.4704601
484,153.4.181.151,14.5679608,121.0233632
485,86.95.132.154,32.990664,112.528308
486,21.140.154.82,52.3738553,15.9570211
487,250.120.220.128,56.5005833,39.6794042
488,95.53.115.222,44.164709,38.9989611
489,210.217.69.94,-6.5778193,106.8075136
490,41.146.242.87,50.4244054,14.3899392
491,7.43.40.229,23.9179637,120.6775054
492,112.233.221.175,22.940196,113.943916
493,243.135.84.193,14.6103278,121.0080574
494,91.177.2.69,-10.1508133,123.4551696
495,31.100.147.140,51.881883,19.387459
496,192.43.194.44,48.853463,2.4836829
497,246.13.107.53,37.57126,113.719422
498,52.24.122.250,5.4550167,153.4581838
499,198.186.5.80,31.058765,121.315718
500,168.8.222.13,-6.8637417,107.5902556
501,192.239.246.160,4.4796434,-75.5975296
502,25.109.224.185,41.1814553,-7.4179536
503,50.1.112.101,46.6299289,41.7340519
504,227.244.5.41,43.5660829,22.2466754
505,6.237.152.147,31.09656,121.507445
506,46.2.228.77,49.909141,19.6159543
507,165.94.35.93,-7.068288,106.8953043
508,32.255.78.187,40.7608571,-73.9681265
509,238.28.130.53,35.91784,64.7755147
510,154.0.160.180,59.4050955,17.9551008
511,161.245.121.160,-15.6627675,-71.6992231
512,111.167.7.88,-33.7974423,151.2502275
513,85.101.57.227,-6.5000633,107.7428952
514,122.107.175.151,29.859268,89.387008
515,129.142.202.70,43.7212584,21.4436651
516,82.80.65.39,50.5337072,15.819336
517,37.145.129.50,47.1792078,9.5678116
518,23.217.111.179,6.444345,124.925696
519,207.135.150.184,39.36445,112.992497
520,168.41.28.132,41.30278,20.83028
521,173.252.223.78,48.2678882,2.7122802
522,84.230.208.192,38.020906,23.9325441
523,202.243.196.217,6.3702928,2.3912362
524,150.46.75.99,-4.436417,119.6499162
525,106.196.245.16,-7.0964497,108.6828838
526,225.160.65.73,7.9819727,-81.166481
527,110.53.149.53,-7.6963118,-37.0614998
528,246.212.97.203,38.7470186,-90.2526163
529,37.192.7.161,52.2774362,85.4051549
530,104.106.52.35,-25.8804742,-48.5737662
531,130.79.80.228,49.5271178,17.5857567
532,139.44.161.248,22.69569,112.225334
533,144.25.115.151,59.924661,30.3865325
534,45.141.137.111,61.3034539,23.9771623
535,253.161.50.214,61.6787713,64.4755218
536,114.193.36.127,41.1933912,-6.7293601
537,76.120.147.51,41.3595963,-8.3726599
538,77.233.142.246,8.7706603,125.5763557
539,198.17.4.236,-7.0872117,110.9134113
540,99.190.45.2,22.746566,114.058404
541,33.13.217.20,-8.2247589,112.5781478
542,211.117.212.247,-19.67511,-51.1913338
543,54.167.153.26,-25.2952784,-54.0932225
544,159.226.83.111,28.168408,120.482198
545,24.147.77.251,42.9782326,-7.5626411
546,233.252.10.52,56.7481754,61.3755425
547,18.203.166.127,17.9835237,100.051784
548,83.161.16.4,42.1090506,48.1941426
549,144.130.150.13,-16.025181,-73.170822
550,184.7.21.86,37.2512312,21.6694441
551,219.175.178.248,40.131487,-8.3317519
552,217.29.198.0,39.2259226,23.2195437
553,62.231.193.155,14.6291868,121.0893745
554,14.74.145.93,-16.1941783,-67.7288125
555,194.124.67.84,49.5706463,3.6245097
556,249.140.150.33,48.4100734,-4.4706255
557,12.12.47.149,20.928394,110.627776
558,9.111.128.75,-6.7597,111.3245
559,3.99.90.47,49.1532539,16.8764982
560,31.186.109.56,8.662577,-75.128872
561,76.215.78.229,58.3384893,26.3128301
562,59.203.17.2,50.0384685,22.0969371
563,81.134.186.71,22.7029212,90.3465971
564,211.219.155.211,40.991371,-8.5235157
565,110.136.48.81,47.7820865,27.930686
566,31.240.38.168,46.2506074,5.1133935
567,123.158.127.59,61.9581691,14.8300464
568,170.234.10.129,-22.6700589,27.225321
569,131.251.169.17,15.8468527,100.6647101
570,153.214.162.21,40.076762,113.300129
571,163.11.197.81,57.1887898,14.0089418
572,82.183.31.15,11.6485321,13.4193903
573,145.115.7.152,37.9706037,22.780253
574,86.0.177.1,57.4249784,34.9683065
575,215.27.103.121,16.0001974,120.6583327
576,180.100.225.221,52.1930413,25.1471719
577,102.85.215.24,49.4817883,18.0449791
578,253.21.148.18,32.5815145,70.9099184
579,118.253.31.36,45.8580458,17.3018974
580,122.135.155.120,44.934021,-123.3072848
581,167.232.25.53,5.5050681,-54.0793451
582,128.6.177.221,40.7063972,-8.5462218
583,218.39.196.254,14.1652083,-16.0757749
584,62.241.175.13,33.7684556,-118.2022212
585,255.85.237.8,11.924,13.5986529
586,105.29.47.9,43.7365869,27.2601131
587,182.52.126.7,19.238934,108.957345
588,229.245.104.82,10.770555,122.535945
589,46.34.87.171,35.8875,14.51694
590,191.93.201.45,-7.7408587,108.1754804
591,8.183.90.85,14.49393,-90.7090795
592,164.55.150.117,22.270978,113.576677
593,191.197.33.189,18.0435607,100.1031202
594,224.9.133.105,7.0115716,39.9761012
595,64.188.109.156,44.780865,128.447649
596,126.122.99.44,49.0757178,107.0295809
597,150.80.97.127,39.9320083,66.6503928
598,183.43.73.85,12.3181444,-2.4653598
599,147.142.106.154,19.5403533,-71.0790048
600,1.23.48.108,-1.2664363,132.0484904
601,88.178.50.48,26.0411298,68.9203839
602,214.250.183.188,55.6686,37.5470072
603,174.27.95.47,40.49155,69.70245
604,241.239.203.58,5.5080084,95.8630825
605,158.21.168.97,61.3220623,16.3984929
606,128.154.215.221,56.1721987,93.6466243
607,226.44.172.178,37.9656089,23.5677089
608,109.246.173.217,51.5076941,18.1208003
609,39.220.91.200,40.1667409,44.2123603
610,21.169.213.93,40.13652,124.395757
611,220.83.197.140,-14.0121048,-73.8385843
612,95.0.91.170,6.7954977,79.8746207
613,84.54.165.95,55.6842625,37.8548295
614,131.124.195.245,-9.4718308,-78.3006626
615,193.153.49.209,7.761063,-73.393617
616,241.146.81.105,36.8726504,120.5160702
617,210.213.231.44,14.5933217,-90.496159
618,243.246.181.199,49.5177049,21.1767387
619,168.50.248.181,41.0953745,-7.8123805
620,111.171.174.40,-1.7864953,37.6311071
621,102.2.162.27,8.0708562,125.9551406
622,90.160.98.31,14.5724895,121.023592
623,127.236.138.3,52.1474235,20.4745018
624,194.175.113.235,50.5658445,14.6542767
625,176.192.35.25,39.08335,77.56662
626,225.239.84.89,61.5792581,26.0188652
627,222.38.150.81,40.179599,112.891988
628,220.64.248.124,64.5958098,18.6763669
629,50.219.189.54,-6.8370422,-47.2142417
630,34.136.208.117,40.4810579,50.1454455
631,137.169.11.33,38.9492606,-9.1068816
632,152.165.91.254,43.7441795,2.511999
633,176.101.155.21,57.4388568,42.1747981
634,105.198.81.180,36.567208,137.1294217
635,8.143.21.72,63.7453456,25.3525414
636,23.116.221.163,8.12722,122.845
637,147.171.134.249,17.9567646,-102.1943485
638,24.135.130.176,-17.8145819,-63.1560853
639,112.246.43.237,42.3521585,44.6875131
640,11.202.166.7,22.8387258,112.3810562
641,177.213.226.235,-11.22075,-75.4694285
642,243.124.187.61,40.104785,117.116756
643,238.146.211.255,43.5190858,5.4431946
644,150.226.205.241,25.60162,103.817356
645,175.212.43.251,-7.6371755,112.9386472
646,40.187.5.68,42.9534839,129.9920883
647,146.192.84.99,59.2348351,18.100292
648,170.38.80.119,13.38855,144.65852
649,45.253.203.56,0.5471811,-76.1319953
650,26.135.55.129,26.4068381,-80.1058665
651,130.60.165.40,38.32,-122.64
652,16.41.138.246,29.26917,47.97806
653,61.9.94.3,-6.9110023,107.1750393
654,95.159.211.84,7.8143838,-72.4406087
655,47.252.130.32,15.0634836,-88.2290783
656,112.12.28.89,52.8888952,30.0282481
657,255.35.32.55,-24.6282079,25.9231471
658,34.201.29.121,-5.4253802,38.975937
659,221.134.47.245,-10.3869996,28.7023068
660,82.62.73.2,-7.5630149,-35.0131428
661,206.83.94.142,38.259679,113.993296
662,153.43.139.210,-36.6419362,-64.3204306
663,71.111.105.69,49.2809997,17.876832
664,167.235.143.125,-26.69475,25.4735999
665,122.187.169.143,49.5670697,6.1544928
666,251.11.173.20,-19.7270406,-50.265662
667,153.246.135.140,40.400903,116.771211
668,138.6.118.207,-7.3171858,108.0997955
669,118.239.24.85,-7.4242782,109.2396366
670,1.238.198.35,22.825834,115.003687
671,91.138.163.37,41.420018,128.200789
672,41.242.152.197,8.8232057,-69.9982093
673,189.44.19.53,42.0943874,43.080345
674,10.113.104.114,-29.6918991,-51.1255697
675,186.227.145.2,41.6490501,-8.7836437
676,194.72.163.215,44.4959884,19.2677519
677,132.74.252.23,37.2848363,-7.4666729
678,208.161.255.118,15.3097361,120.8940375
679,118.26.96.63,27.718295,119.394148
680,20.40.168.33,53.4116818,58.9860021
681,115.36.45.251,40.76191,-7.7532796
682,29.129.112.189,31.8484611,130.260344
683,53.184.85.162,62.0249648,27.2057857
684,247.108.177.66,53.8257473,39.556825
685,20.194.196.155,31.479648,93.680881
686,235.225.86.250,-8.3743886,113.6383187
687,139.142.70.43,-6.91253,113.75089
688,5.222.212.72,50.1611633,12.2816034
689,247.81.74.16,47.585569,18.3979984
690,120.77.12.208,33.6523096,-86.7114545
691,174.118.151.240,31.036218,120.921726
692,22.181.242.0,-21.3407385,-47.7352517
693,20.148.168.234,25.315243,119.090741
694,25.23.247.220,17.4465041,120.5273983
695,200.130.204.77,14.2647129,121.0062678
696,188.26.88.61,32.2945837,-64.7858887
697,40.244.208.227,51.3842543,58.9999439
698,106.177.51.123,50.254933,21.478359
699,133.233.3.124,-34.8411832,-58.4389753
700,21.206.237.30,25.464681,99.541236
701,214.100.2.41,56.2462038,14.6265298
702,211.64.249.160,41.149869,114.722326
703,25.155.239.104,52.029753,113.5177301
704,9.97.228.132,51.349366,9.7730968
705,192.250.170.248,39.01,-77.43
706,79.36.57.183,55.7372478,38.1800493
707,157.205.72.192,-7.2578991,107.8632023
708,197.222.139.205,25.6775595,-100.2596935
709,9.48.102.239,-19.9454604,-43.4876311
710,102.109.246.103,-17.566223,-63.2238376
711,194.28.11.54,50.05998,21.8324138
712,203.147.33.52,24.117102,117.613808
713,54.199.63.56,32.200585,120.549753
714,147.79.148.165,26.141854,116.188408
715,13.7.249.144,64.0971015,26.330507
716,110.61.185.23,44.8870215,3.883654
717,210.66.194.10,28.406359,-106.8654066
718,124.18.139.175,-34.6269535,-58.4058228
719,237.244.84.251,7.5143959,4.5232397
720,140.78.56.198,35.4937018,110.3838909
721,220.71.55.153,-16.2494365,-69.0880819
722,87.218.36.225,-7.7427496,-35.2280343
723,215.155.133.66,10.8847156,121.9757838
724,127.31.141.152,36.6817149,65.7490624
725,129.155.162.175,39.9378208,116.4103205
726,131.154.63.176,15.8303364,-91.7183488
727,147.235.114.10,51.2757594,17.8095674
728,144.48.163.48,48.4474626,-123.4956337
729,2.96.146.20,35.6362613,139.5885895
730,217.145.192.180,37.1994932,126.8311887
731,145.134.64.96,35.3209172,136.8367649
732,219.250.11.242,-7.0431437,111.3679689
733,68.147.80.138,59.8664826,48.0119891
734,146.178.207.113,-1.801926,-79.5346459
735,200.45.14.162,19.0487026,-72.4701945
736,205.134.200.63,41.933917,126.422806
737,172.244.220.78,5.3503589,-3.8757119
738,222.64.216.114,23.365556,116.70345
739,13.26.205.28,41.3345374,-8.5340895
740,153.172.168.162,-34.7264519,-58.6055652
741,52.139.223.63,56.8810476,60.0156754
742,119.132.235.128,-6.238938,106.7893078
743,6.38.48.101,48.7845598,2.0433063
744,247.37.126.200,50.7451358,18.9026582
745,179.61.79.74,50.0897141,8.271907
746,198.97.62.218,16.024626,120.200683
747,13.80.248.240,14.903607,120.551341
748,17.143.175.158,30.318685,119.725587
749,235.179.44.244,28.297814,30.7116561
750,116.255.104.102,49.5438285,18.2789033
751,190.250.135.61,-3.112524,115.0406679
752,221.102.90.141,2.100305,101.642899
753,79.116.242.118,14.5544751,-86.2901225
754,61.67.14.133,50.3290055,30.4617625
755,114.194.22.130,4.524233,-74.356481
756,85.201.116.125,-26.1164276,-49.8091065
757,33.192.246.149,25.60162,103.817356
758,245.31.68.6,-4.9843552,-44.4370606
759,194.80.91.87,8.9908333,150.1227778
760,105.170.131.242,0.944785,33.126717
761,126.14.170.126,39.991896,112.214219
762,252.52.230.251,37.8307393,-25.3919027
763,217.209.112.169,48.3611707,27.0855305
764,159.84.174.86,47.0200861,-68.1434963
765,91.169.26.235,31.919897,120.085146
766,223.59.74.6,-1.2936976,-50.5135589
767,72.253.142.14,-18.8228804,-40.9050432
768,105.187.62.59,45.5260852,20.5135485
769,127.136.242.32,45.212088,130.478187
770,99.120.189.19,13.5066291,122.4867454
771,14.165.200.166,-5.7306487,-44.7756422
772,87.26.102.77,-16.2382608,-44.4370606
773,141.190.170.101,13.7178702,-87.6953979
774,219.71.217.53,-5.75,-77.9
775,82.160.223.101,-5.6202503,-78.4695111
776,156.207.33.4,43.473892,5.367851
777,103.88.123.90,15.3445135,104.1560983
778,220.21.106.72,31.412405,95.595761
779,76.191.42.148,32.934565,100.737037
780,65.217.147.252,11.5742086,37.3613533
781,246.251.83.200,-6.3267969,107.2932396
782,29.165.222.81,22.2222241,-100.9256085
783,177.238.199.115,43.6173787,21.0023004
784,109.45.216.239,36.158405,45.4759898
785,43.37.34.13,51.6984754,20.934244
786,241.150.1.24,6.9185192,79.9390794
787,64.66.204.85,59.6626986,30.0764476
788,171.36.245.76,55.7498774,37.1754993
789,82.189.26.44,-20.0292302,-45.5313666
790,100.189.161.158,34.2579981,108.9422832
791,208.9.173.9,27.8120208,66.6116916
792,178.70.18.69,40.72135,-75.393181
793,51.159.185.15,-21.2080662,-46.941659
794,145.151.183.148,34.8917477,138.1627422
795,106.7.102.5,23.028956,113.143441
796,230.25.63.180,4.6096768,101.1064003
797,123.30.84.36,5.87568,121.29146
798,72.55.199.18,54.0481202,22.2939742
799,118.214.192.197,47.0162884,-68.1429994
800,216.253.34.91,-6.8065,111.3806
801,224.181.118.170,45.2415442,77.9726477
802,225.159.9.167,30.172782,111.0765
803,170.93.97.201,-34.4023791,-70.8674411
804,209.66.221.193,-9.0972502,-35.5876697
805,104.232.180.243,48.7885683,2.3884283
806,138.67.231.194,-11.2648012,-75.6491753
807,126.178.196.129,58.2768797,47.5136153
808,36.241.141.21,60.134938,15.3993708
809,206.245.78.253,-5.0077012,122.5019655
810,214.211.202.132,32.053558,12.5355393
811,227.5.108.225,13.4345789,122.6430631
812,216.170.161.197,48.5294478,35.9032574
813,106.231.160.140,-13.8590592,-40.0837763
814,191.132.133.65,58.5356199,31.2251615
815,23.24.40.159,-10.1429097,123.6707189
816,37.221.118.99,50.655135,18.3329704
817,36.190.118.33,54.0852394,-4.7544671
818,156.16.18.189,14.5508865,121.0075554
819,192.211.118.245,42.5069391,-96.3598367
820,108.150.30.50,-6.2696101,106.0669571
821,48.104.207.75,38.9475624,-77.3295728
822,102.66.205.171,4.9026627,97.7878579
823,148.11.17.199,-6.4240524,-79.242648
824,137.124.23.102,40.2715286,44.633383
825,16.4.64.84,61.7284389,24.800314
826,69.155.41.46,50.367737,21.275513
827,211.42.64.202,32.4748152,74.6769056
828,105.104.24.76,8.5333105,34.8016945
829,55.247.154.239,22.5786554,95.6983979
830,114.21.76.177,-34.588234,-58.6876178
831,171.61.72.113,40.9331541,72.9814877
832,143.203.79.74,35.72154,111.350842
833,229.51.0.233,-44.284437,171.0279044
834,192.131.233.197,30.6803557,104.1142719
835,145.200.140.7,49.0156679,33.6450451
836,91.92.157.204,30.9579533,31.2282958
837,70.209.118.49,32.679852,-16.8502879
838,45.52.171.40,44.1039762,19.2997218
839,83.8.154.4,7.9187344,125.3297787
840,230.239.1.208,29.289648,120.241565
841,136.69.45.194,36.3245823,138.271632
842,133.42.139.14,51.4255297,-0.2050566
843,229.187.55.57,50.8424855,33.1399988
844,47.43.189.144,40.576319,110.044106
845,166.232.132.212,41.985186,122.836723
846,252.236.121.156,21.918725,111.053561
847,151.117.75.208,43.067122,0.151424
848,154.198.236.80,43.4945737,5.8978018
849,142.240.0.162,-20.2081037,57.408999
850,112.198.68.92,12.6679167,123.9881642
851,246.14.236.144,56.7034937,41.3503153
852,105.137.183.5,45.37139,141.82111
853,59.143.18.112,33.8954803,-6.3207151
854,109.176.27.82,44.439233,129.500041
855,94.37.52.7,10.468522,-66.1059484
856,252.64.102.94,33.2934023,119.282264
857,148.127.132.116,45.4885295,41.1600688
858,192.226.227.226,45.0510883,16.0518078
859,32.154.24.61,49.0871049,0.5957159
860,177.250.130.43,5.2287989,6.1911526
861,10.155.187.122,56.6649059,12.8778526
862,208.210.58.30,39.91983,116.41571
863,180.213.42.165,22.579117,113.081508
864,225.135.26.4,35.3209172,136.8367649
865,137.95.223.114,39.6720868,-84.0960056
866,21.214.92.152,49.7147663,19.4759489
867,108.105.164.116,9.0667013,-79.3873743
868,161.156.198.110,0.2770603,99.3451118
869,202.145.174.206,43.1352111,-77.6478852
870,241.114.100.9,34.6192998,133.8246072
871,100.153.199.75,47.675717,16.5847329
872,186.254.235.209,30.77175,81.61526
873,218.172.164.10,-9.821088,124.4031833
874,47.112.209.128,61.6833669,96.3806203
875,244.224.98.117,13.8195176,121.1729455
876,109.86.174.180,9.442426,123.236968
877,90.113.135.249,-8.4355645,115.3223438
878,20.155.56.58,50.5368321,23.4027578
879,1.136.240.29,34.99015,70.91302
880,133.191.99.170,20.3278427,-89.6440716
881,77.39.156.191,24.781681,118.552365
882,60.83.93.116,19.238934,108.957345
883,205.96.206.168,14.342711,121.0656962
884,135.58.243.162,53.450694,-6.1479779
885,249.114.31.51,41.305838,124.120286
886,188.89.110.197,51.1907529,42.2463427
887,174.142.152.155,4.0578303,38.3192073
888,150.177.201.41,59.3690089,17.8782517
889,121.209.130.55,57.2528644,16.4754832
890,27.143.41.142,-6.1493907,143.6474817
891,50.127.37.1,-6.3472173,106.7474013
892,180.238.152.84,50.2072224,23.5464675
893,171.115.221.232,38.8559689,127.4214244
894,71.114.108.21,-32.075,115.779362
895,129.172.118.10,35.563507,102.199029
896,123.84.156.112,40.833907,19.5538336
897,246.244.150.132,55.8569131,12.9108819
898,189.89.120.55,-22.3463487,-48.7862736
899,196.93.140.24,13.1984059,-88.0534236
900,157.147.24.113,7.998611,123.6602783
901,77.191.254.54,35.3113485,25.313023
902,50.60.92.186,53.0155306,21.3375451
903,164.124.157.195,3.9671435,103.40391
904,186.175.65.32,13.6192978,44.3668052
905,161.250.26.137,55.9128355,13.0879461
906,154.73.16.228,52.3982331,13.2448535
907,109.152.206.197,63.4107694,10.3996452
908,95.240.0.158,-33.2825097,19.3247866
909,24.7.135.57,54.982808,73.328393
910,94.242.0.75,26.0172503,43.3584284
911,159.213.195.6,52.683916,-0.922509
912,84.41.40.5,39.576584,112.91395
913,164.175.193.68,-31.9505269,115.8604572
914,143.169.241.211,-7.2578125,108.1966055
915,24.123.33.207,-17.2223622,27.4791295
916,112.63.137.39,7.9601788,-6.6745042
917,226.166.179.13,16.18271,44.62613
918,63.235.123.248,23.7322067,-99.1829833
919,253.181.50.152,44.4846365,21.6706559
920,93.225.157.245,20.3812787,106.4376425
921,116.222.150.12,-7.0054878,106.9240554
922,159.92.245.73,-9.582,119.367
923,234.74.245.247,-17.1101039,-63.5997921
924,10.64.227.191,46.0565579,15.6625947
925,192.176.84.214,49.8151822,19.3771749
926,10.69.17.243,10.6797099,122.4163734
927,87.179.35.76,-14.96617,-73.3855899
928,120.40.92.50,43.908712,127.303425
929,243.88.204.232,53.9672519,14.7714251
930,23.1.147.178,55.6819119,37.7795228
931,111.89.69.31,19.992977,105.8451758
932,18.1.53.193,26.0833976,43.9627492
933,102.201.217.16,59.2971622,18.0077821
934,57.51.85.137,-8.3960371,115.5325797
935,215.43.236.69,-2.0992602,133.599128
936,210.94.30.35,-24.3273656,-50.6139816
937,40.115.196.126,33.437877,113.609286
938,245.80.183.87,35.1654999,45.9896078
939,82.25.121.25,30.4111518,-88.9198322
940,79.202.241.5,40.912921,115.831498
941,17.161.11.32,45.674028,38.856404
942,172.161.164.57,37.646108,120.477813
943,110.81.215.136,-29.4478273,31.2182778
944,255.12.248.183,44.7016194,4.5805038
945,93.70.138.52,26.008257,115.162028
946,4.103.131.123,24.765091,110.506663
947,11.126.156.154,18.6967739,105.2662931
948,82.6.86.142,34.15599,64.78566
949,64.4.158.14,-8.2416877,111.245751
950,30.73.31.48,50.4065746,14.044039
951,95.174.172.150,-8.6068,116.2028
952,108.146.156.60,31.825073,119.944048
953,78.222.162.10,50.270819,85.613152
954,102.222.202.19,-7.6659463,109.8946083
955,183.249.143.108,23.10848,-82.2474648
956,209.3.18.52,41.6764745,42.7085996
957,195.11.219.86,24.2864848,90.1869644
958,113.241.236.103,9.1526728,105.1960795
959,102.239.46.106,46.2840425,14.349659
960,204.176.141.11,50.4134249,14.908438
961,164.239.81.107,47.4861398,-1.7442022
962,209.55.179.182,42.8271637,2.9134412
963,248.194.61.29,38.7451684,-9.2670871
964,12.113.62.177,35.5770451,51.4624642
965,176.234.29.27,17.2660394,120.4194593
966,148.206.178.130,-7.7926564,113.3123627
967,174.171.159.48,50.3171905,2.801236
968,46.71.138.121,29.803849,118.862331
969,233.7.164.159,50.1283894,15.9182326
970,15.26.113.247,41.3234558,-74.8058417
971,228.85.202.123,30.877555,119.420935
972,107.106.46.3,57.8282585,28.2416397
973,159.35.38.164,11.7129451,122.3630092
974,252.36.100.165,35.9227705,139.7492367
975,132.44.104.108,58.2124026,16.0053643
976,211.203.54.231,39.903307,116.649432
977,130.238.160.230,51.0126464,15.510661
978,78.222.201.61,7.5060948,9.3506604
979,106.237.213.49,60.2496387,47.7885614
980,231.47.233.237,-7.1552009,108.3178328
981,145.140.43.79,69.242341,33.3041431
982,4.251.183.107,19.4458447,-99.1497664
983,208.68.224.145,60.0071007,15.7887356
984,195.173.156.54,7.444229,123.33769
985,103.196.14.48,21.0744245,40.3241759
986,162.145.10.73,38.0565317,140.1011565
987,208.91.63.139,23.04421,112.677965
988,209.157.205.238,10.63468,119.3311089
989,205.197.1.186,-22.3002064,-44.9159938
990,200.100.42.198,-8.3647581,123.2162159
991,180.10.228.44,44.9986892,15.1290974
992,165.248.165.160,52.7060809,41.3951119
993,138.200.5.36,53.1405147,21.0511534
994,184.135.84.17,-6.2694214,14.2337805
995,15.0.152.151,47.3842312,8.5324101
996,184.162.195.50,13.6690327,120.8546864
997,25.63.179.218,30.96187,113.378132
998,76.9.202.138,26.9105097,68.1863546
999,59.255.157.22,7.0539999,124.6719971
1000,98.225.214.94,-4.1034782,-81.0451037
