Date,WIG20_price,WIG20_volume,WIG20_change
10/03/2023,"1,799.58",16.07M,-1.98%
09/03/2023,"1,835.94",10.60M,-1.34%
08/03/2023,"1,860.83",12.13M,0.40%
07/03/2023,"1,853.40",12.94M,-1.08%
06/03/2023,"1,873.63",13.15M,1.73%
03/03/2023,"1,841.85",12.69M,1.32%
02/03/2023,"1,817.77",16.03M,-2.07%
01/03/2023,"1,856.22",15.26M,0.45%
28/02/2023,"1,847.94",27.05M,1.49%
27/02/2023,"1,820.79",8.39M,0.75%
24/02/2023,"1,807.31",11.54M,-0.96%
23/02/2023,"1,824.76",13.12M,1.55%
22/02/2023,"1,796.87",17.93M,-1.59%
21/02/2023,"1,825.89",14.63M,-1.28%
20/02/2023,"1,849.48",9.56M,-0.53%
17/02/2023,"1,859.26",14.93M,-0.34%
16/02/2023,"1,865.51",18.65M,-0.24%
15/02/2023,"1,870.03",11.20M,0.94%
14/02/2023,"1,852.67",12.57M,-0.03%
13/02/2023,"1,853.29",13.48M,0.28%
10/02/2023,"1,848.04",19.72M,-2.54%
09/02/2023,"1,896.24",12.17M,0.51%
08/02/2023,"1,886.68",13.40M,0.85%
07/02/2023,"1,870.87",14.14M,0.33%
06/02/2023,"1,864.76",15.98M,-2.17%
03/02/2023,"1,906.13",18.91M,0.12%
02/02/2023,"1,903.79",26.01M,1.70%
01/02/2023,"1,871.93",22.20M,-1.59%
31/01/2023,"1,902.25",24.13M,0.66%
30/01/2023,"1,889.82",15.59M,-1.13%
27/01/2023,"1,911.50",16.29M,-0.01%
26/01/2023,"1,911.61",16.71M,1.35%
25/01/2023,"1,886.24",19.47M,-1.69%
24/01/2023,"1,918.60",18.02M,-0.24%
23/01/2023,"1,923.15",18.78M,1.63%
20/01/2023,"1,892.32",21.74M,0.13%
19/01/2023,"1,889.84",31.49M,-1.22%
18/01/2023,"1,913.25",33.79M,0.46%
17/01/2023,"1,904.51",19.45M,-1.48%
16/01/2023,"1,933.08",18.39M,0.50%
13/01/2023,"1,923.44",18.13M,-0.38%
12/01/2023,"1,930.79",32.88M,0.84%
11/01/2023,"1,914.74",25.92M,-1.20%
10/01/2023,"1,937.98",25.04M,1.33%
09/01/2023,"1,912.47",33.64M,3.04%
05/01/2023,"1,856.05",28.21M,0.05%
04/01/2023,"1,855.05",19.72M,1.66%
03/01/2023,"1,824.82",22.12M,1.86%
02/01/2023,"1,791.47",5.34M,-0.03%
30/12/2022,"1,792.01",9.00M,-0.57%
29/12/2022,"1,802.20",10.65M,1.94%
28/12/2022,"1,767.88",10.00M,0.11%
27/12/2022,"1,765.87",6.45M,-0.81%
23/12/2022,"1,780.27",8.03M,0.01%
22/12/2022,"1,780.07",10.58M,-0.34%
21/12/2022,"1,786.10",15.19M,1.30%
20/12/2022,"1,763.20",12.41M,1.14%
19/12/2022,"1,743.24",12.35M,0.11%
16/12/2022,"1,741.30",41.76M,-0.87%
15/12/2022,"1,756.52",18.70M,-1.73%
14/12/2022,"1,787.37",17.00M,0.15%
13/12/2022,"1,784.67",22.17M,1.67%
12/12/2022,"1,755.34",14.74M,1.46%
09/12/2022,"1,730.16",15.02M,0.26%
08/12/2022,"1,725.66",14.82M,-0.58%
07/12/2022,"1,735.66",14.51M,0.12%
06/12/2022,"1,733.59",15.85M,-0.74%
05/12/2022,"1,746.54",14.52M,0.75%
02/12/2022,"1,733.46",27.96M,-1.86%
01/12/2022,"1,766.38",34.26M,1.73%
30/11/2022,"1,736.26",127.49M,0.00%
29/11/2022,"1,736.19",27.85M,0.43%
28/11/2022,"1,728.74",19.48M,-1.54%
25/11/2022,"1,755.69",15.61M,0.10%
24/11/2022,"1,753.95",19.39M,2.35%
23/11/2022,"1,713.61",19.22M,-0.24%
22/11/2022,"1,717.75",18.18M,1.91%
21/11/2022,"1,685.50",20.86M,-1.27%
18/11/2022,"1,707.23",21.00M,-0.06%
17/11/2022,"1,708.23",25.41M,-1.89%
16/11/2022,"1,741.17",26.92M,-1.60%
15/11/2022,"1,769.55",28.30M,1.47%
14/11/2022,"1,743.89",39.85M,3.17%
10/11/2022,"1,690.38",26.89M,2.81%
09/11/2022,"1,644.12",19.88M,-0.04%
08/11/2022,"1,644.75",19.91M,1.64%
07/11/2022,"1,618.14",32.83M,1.05%
04/11/2022,"1,601.27",28.79M,2.68%
03/11/2022,"1,559.55",21.91M,-0.92%
02/11/2022,"1,573.97",31.27M,2.45%
31/10/2022,"1,536.28",25.37M,1.83%
28/10/2022,"1,508.70",49.19M,0.13%
27/10/2022,"1,506.74",32.52M,1.29%
26/10/2022,"1,487.60",26.96M,3.02%
25/10/2022,"1,444.02",28.56M,0.75%
24/10/2022,"1,433.21",21.88M,1.53%
21/10/2022,"1,411.62",19.44M,-1.04%
20/10/2022,"1,426.52",34.18M,2.06%
19/10/2022,"1,397.66",23.56M,-2.10%
18/10/2022,"1,427.68",32.71M,0.96%
17/10/2022,"1,414.06",18.74M,1.20%
14/10/2022,"1,397.23",30.20M,2.85%
13/10/2022,"1,358.50",34.53M,-1.36%
12/10/2022,"1,377.19",30.59M,-0.34%
11/10/2022,"1,381.84",22.46M,0.17%
10/10/2022,"1,379.49",22.17M,-1.83%
07/10/2022,"1,405.21",19.81M,-0.89%
06/10/2022,"1,417.82",22.06M,-0.09%
05/10/2022,"1,419.12",19.37M,-2.12%
04/10/2022,"1,449.81",28.54M,4.53%
03/10/2022,"1,386.96",22.66M,0.66%
30/09/2022,"1,377.91",30.71M,-0.16%
29/09/2022,"1,380.10",28.90M,-3.85%
28/09/2022,"1,435.37",27.63M,-1.61%
27/09/2022,"1,458.81",24.47M,1.80%
26/09/2022,"1,433.08",33.98M,-1.69%
23/09/2022,"1,457.78",20.61M,-3.98%
22/09/2022,"1,518.19",16.19M,0.59%
21/09/2022,"1,509.32",18.51M,0.80%
20/09/2022,"1,497.41",18.77M,-1.95%
19/09/2022,"1,527.25",20.05M,1.69%
16/09/2022,"1,501.91",65.98M,-2.46%
15/09/2022,"1,539.75",21.70M,0.75%
14/09/2022,"1,528.29",20.37M,0.59%
13/09/2022,"1,519.35",20.72M,-2.73%
12/09/2022,"1,561.97",22.47M,1.78%
09/09/2022,"1,534.68",24.75M,4.17%
08/09/2022,"1,473.18",23.89M,0.26%
07/09/2022,"1,469.42",26.61M,1.14%
06/09/2022,"1,452.86",21.56M,-2.63%
05/09/2022,"1,492.06",17.62M,-0.91%
02/09/2022,"1,505.75",35.76M,2.95%
01/09/2022,"1,462.59",32.44M,-4.29%
31/08/2022,"1,528.22",49.11M,-0.45%
30/08/2022,"1,535.11",22.57M,-2.43%
29/08/2022,"1,573.35",21.69M,-1.84%
26/08/2022,"1,602.81",22.81M,-1.79%
25/08/2022,"1,632.00",26.24M,0.70%
24/08/2022,"1,620.63",21.71M,-2.18%
23/08/2022,"1,656.77",34.80M,1.02%
22/08/2022,"1,640.02",18.51M,-1.99%
19/08/2022,"1,673.40",22.24M,-1.55%
18/08/2022,"1,699.68",17.69M,1.00%
17/08/2022,"1,682.93",19.93M,-3.00%
16/08/2022,"1,735.00",19.65M,0.00%
12/08/2022,"1,735.07",16.55M,0.58%
11/08/2022,"1,724.98",15.94M,1.82%
10/08/2022,"1,694.11",19.88M,0.59%
09/08/2022,"1,684.14",18.16M,-0.69%
08/08/2022,"1,695.78",17.11M,2.64%
05/08/2022,"1,652.14",20.53M,-1.33%
04/08/2022,"1,674.37",27.14M,-0.81%
03/08/2022,"1,688.03",26.68M,-1.49%
02/08/2022,"1,713.61",20.93M,-1.32%
01/08/2022,"1,736.47",17.73M,0.89%
29/07/2022,"1,721.11",35.26M,3.24%
28/07/2022,"1,667.17",43.98M,0.93%
27/07/2022,"1,651.89",24.17M,-0.17%
26/07/2022,"1,654.70",18.82M,-1.83%
25/07/2022,"1,685.62",14.53M,-0.95%
22/07/2022,"1,701.73",19.75M,1.11%
21/07/2022,"1,683.09",17.54M,-0.68%
20/07/2022,"1,694.58",18.26M,0.91%
19/07/2022,"1,679.27",15.73M,0.59%
18/07/2022,"1,669.48",17.50M,3.05%
15/07/2022,"1,620.13",14.35M,0.38%
14/07/2022,"1,613.98",22.61M,-2.52%
13/07/2022,"1,655.65",21.09M,-0.47%
12/07/2022,"1,663.46",21.79M,-2.98%
11/07/2022,"1,714.56",26.76M,-1.49%
08/07/2022,"1,740.46",21.82M,1.85%
07/07/2022,"1,708.80",21.44M,3.26%
06/07/2022,"1,654.84",27.22M,0.63%
05/07/2022,"1,644.46",21.42M,-2.87%
04/07/2022,"1,693.10",19.28M,0.25%
01/07/2022,"1,688.85",17.93M,-0.42%
30/06/2022,"1,695.97",24.27M,-2.15%
29/06/2022,"1,733.19",20.21M,-0.34%
28/06/2022,"1,739.08",22.32M,1.51%
27/06/2022,"1,713.18",17.80M,1.83%
24/06/2022,"1,682.33",14.82M,1.69%
23/06/2022,"1,654.32",16.72M,-1.56%
22/06/2022,"1,680.61",18.24M,-2.24%
21/06/2022,"1,719.05",16.02M,2.33%
20/06/2022,"1,679.89",13.56M,0.19%
17/06/2022,"1,676.67",47.69M,-1.78%
15/06/2022,"1,707.11",28.39M,0.18%
14/06/2022,"1,704.07",22.80M,1.33%
13/06/2022,"1,681.75",21.75M,-2.52%
10/06/2022,"1,725.18",18.56M,-2.39%
09/06/2022,"1,767.50",18.44M,-1.41%
08/06/2022,"1,792.80",19.17M,-1.96%
07/06/2022,"1,828.57",16.20M,-1.13%
06/06/2022,"1,849.55",10.56M,1.62%
03/06/2022,"1,819.99",16.46M,-0.75%
02/06/2022,"1,833.76",15.32M,0.61%
01/06/2022,"1,822.57",19.65M,-1.10%
31/05/2022,"1,842.93",51.23M,-0.84%
30/05/2022,"1,858.60",18.91M,2.65%
27/05/2022,"1,810.68",24.98M,-0.89%
26/05/2022,"1,827.01",23.21M,1.69%
25/05/2022,"1,796.58",21.06M,-0.80%
24/05/2022,"1,810.98",30.46M,-1.41%
23/05/2022,"1,836.87",33.30M,3.04%
20/05/2022,"1,782.66",28.11M,0.35%
19/05/2022,"1,776.40",30.98M,-1.40%
18/05/2022,"1,801.68",30.96M,0.06%
17/05/2022,"1,800.55",33.00M,2.18%
16/05/2022,"1,762.22",24.96M,-0.19%
13/05/2022,"1,765.63",26.24M,4.38%
12/05/2022,"1,691.62",35.36M,-1.54%
11/05/2022,"1,718.07",29.86M,-0.07%
10/05/2022,"1,719.24",30.85M,-0.47%
09/05/2022,"1,727.34",16.71M,-2.14%
06/05/2022,"1,765.14",25.82M,-0.04%
05/05/2022,"1,765.85",31.28M,-2.58%
04/05/2022,"1,812.56",24.91M,-0.63%
02/05/2022,"1,824.05",15.50M,-1.83%
29/04/2022,"1,858.12",33.61M,-1.40%
28/04/2022,"1,884.42",25.55M,0.07%
27/04/2022,"1,883.09",24.60M,-0.70%
26/04/2022,"1,896.46",30.87M,-1.20%
25/04/2022,"1,919.55",30.62M,-2.72%
22/04/2022,"1,973.31",19.52M,-2.73%
21/04/2022,"2,028.76",26.01M,-0.93%
20/04/2022,"2,047.81",23.61M,-1.00%
19/04/2022,"2,068.52",27.96M,-1.18%
14/04/2022,"2,093.17",12.88M,-0.53%
13/04/2022,"2,104.32",17.60M,0.49%
12/04/2022,"2,094.01",24.57M,-1.30%
11/04/2022,"2,121.65",21.24M,1.75%
08/04/2022,"2,085.07",19.45M,0.41%
07/04/2022,"2,076.63",24.83M,-1.48%
06/04/2022,"2,107.82",23.04M,-0.74%
05/04/2022,"2,123.49",17.81M,-1.59%
04/04/2022,"2,157.79",23.13M,-0.32%
01/04/2022,"2,164.81",17.12M,1.49%
31/03/2022,"2,133.05",26.64M,-2.13%
30/03/2022,"2,179.56",26.88M,0.37%
29/03/2022,"2,171.56",34.98M,2.28%
28/03/2022,"2,123.12",23.78M,0.36%
25/03/2022,"2,115.58",22.95M,-1.09%
24/03/2022,"2,138.80",27.07M,0.85%
23/03/2022,"2,120.86",17.61M,-0.03%
22/03/2022,"2,121.52",22.53M,1.36%
21/03/2022,"2,093.04",20.67M,-0.30%
18/03/2022,"2,099.26",77.18M,-1.22%
17/03/2022,"2,125.29",40.72M,3.17%
16/03/2022,"2,060.07",44.62M,3.01%
15/03/2022,"1,999.93",30.43M,1.41%
14/03/2022,"1,972.14",30.40M,-3.02%
11/03/2022,"2,033.49",37.21M,3.21%
10/03/2022,"1,970.27",36.31M,-0.15%
09/03/2022,"1,973.25",43.61M,3.41%
08/03/2022,"1,908.10",45.47M,-1.39%
07/03/2022,"1,934.94",86.73M,0.84%
04/03/2022,"1,918.75",53.30M,-4.52%
03/03/2022,"2,009.56",71.58M,-1.68%
02/03/2022,"2,043.96",75.62M,3.91%
01/03/2022,"1,967.01",56.78M,-1.64%
28/02/2022,"1,999.88",77.83M,1.48%
25/02/2022,"1,970.78",51.01M,8.44%
24/02/2022,"1,817.45",78.80M,-10.87%
23/02/2022,"2,038.99",26.14M,-2.97%
22/02/2022,"2,101.31",37.64M,1.54%
21/02/2022,"2,069.53",21.36M,-3.44%
18/02/2022,"2,143.28",17.81M,-1.49%
17/02/2022,"2,175.61",22.77M,-1.68%
16/02/2022,"2,212.73",22.24M,0.14%
15/02/2022,"2,209.70",20.51M,2.22%
14/02/2022,"2,161.79",27.76M,-1.88%
11/02/2022,"2,203.13",17.73M,-0.46%
10/02/2022,"2,213.21",17.32M,-1.02%
09/02/2022,"2,235.93",24.72M,0.94%
08/02/2022,"2,215.12",24.29M,2.00%
07/02/2022,"2,171.62",22.24M,-0.14%
04/02/2022,"2,174.57",21.82M,-2.71%
03/02/2022,"2,235.15",34.10M,-0.79%
02/02/2022,"2,252.92",29.15M,1.29%
01/02/2022,"2,224.28",17.50M,0.66%
31/01/2022,"2,209.62",30.05M,1.19%
28/01/2022,"2,183.70",31.31M,-2.27%
27/01/2022,"2,234.33",23.45M,0.05%
26/01/2022,"2,233.18",22.17M,1.53%
25/01/2022,"2,199.60",30.00M,1.35%
24/01/2022,"2,170.36",36.08M,-4.55%
21/01/2022,"2,273.81",26.13M,-1.52%
20/01/2022,"2,308.94",26.14M,-0.35%
19/01/2022,"2,316.94",49.75M,-0.02%
18/01/2022,"2,317.36",18.96M,-2.03%
17/01/2022,"2,365.29",21.18M,-0.75%
14/01/2022,"2,383.16",25.18M,-1.02%
13/01/2022,"2,407.62",36.97M,-0.14%
12/01/2022,"2,411.11",46.03M,2.84%
11/01/2022,"2,344.45",30.82M,2.32%
10/01/2022,"2,291.23",22.61M,-0.90%
07/01/2022,"2,311.93",29.72M,0.04%
05/01/2022,"2,310.97",23.37M,0.45%
04/01/2022,"2,300.68",22.49M,0.62%
03/01/2022,"2,286.50",19.20M,0.86%
30/12/2021,"2,266.92",16.10M,0.28%
29/12/2021,"2,260.70",17.26M,0.37%
28/12/2021,"2,252.43",23.31M,1.18%
27/12/2021,"2,226.24",15.66M,0.02%
23/12/2021,"2,225.80",18.95M,0.61%
22/12/2021,"2,212.32",14.59M,1.23%
21/12/2021,"2,185.47",18.66M,-0.20%
20/12/2021,"2,189.91",23.43M,-0.21%
17/12/2021,"2,194.56",62.49M,-0.87%
16/12/2021,"2,213.89",30.88M,2.45%
15/12/2021,"2,161.04",24.07M,-2.30%
14/12/2021,"2,211.81",25.76M,-0.12%
13/12/2021,"2,214.38",23.53M,0.03%
10/12/2021,"2,213.78",13.69M,0.04%
09/12/2021,"2,212.81",27.98M,-0.31%
08/12/2021,"2,219.62",24.25M,-0.52%
07/12/2021,"2,231.12",32.33M,1.85%
06/12/2021,"2,190.67",20.25M,0.50%
03/12/2021,"2,179.71",29.60M,-1.01%
02/12/2021,"2,201.86",28.36M,-0.69%
01/12/2021,"2,217.18",31.39M,1.04%
30/11/2021,"2,194.37",72.23M,2.13%
29/11/2021,"2,148.62",31.74M,0.26%
26/11/2021,"2,143.13",39.40M,-3.87%
25/11/2021,"2,229.44",18.90M,-0.46%
24/11/2021,"2,239.75",20.34M,-0.95%
23/11/2021,"2,261.15",24.01M,0.59%
22/11/2021,"2,247.82",25.60M,-0.02%
19/11/2021,"2,248.18",34.66M,-1.02%
18/11/2021,"2,271.31",28.22M,-1.99%
17/11/2021,"2,317.49",22.13M,-0.96%
16/11/2021,"2,340.03",22.25M,0.21%
15/11/2021,"2,335.04",27.79M,-0.98%
12/11/2021,"2,358.23",28.82M,-0.35%
10/11/2021,"2,366.59",25.13M,-1.19%
09/11/2021,"2,395.05",24.50M,-1.19%
08/11/2021,"2,423.92",19.32M,-0.62%
05/11/2021,"2,439.16",23.57M,0.01%
04/11/2021,"2,438.80",28.52M,2.47%
03/11/2021,"2,380.11",23.05M,-1.14%
02/11/2021,"2,407.53",30.29M,0.10%
29/10/2021,"2,405.05",28.47M,0.52%
28/10/2021,"2,392.67",23.66M,-0.51%
27/10/2021,"2,404.82",22.42M,-0.84%
26/10/2021,"2,425.29",19.90M,-0.08%
25/10/2021,"2,427.19",16.54M,0.42%
22/10/2021,"2,417.09",16.12M,-0.42%
21/10/2021,"2,427.35",18.09M,-0.65%
20/10/2021,"2,443.11",22.26M,-0.18%
19/10/2021,"2,447.54",21.72M,-0.50%
18/10/2021,"2,459.81",17.27M,0.24%
15/10/2021,"2,453.98",29.70M,-0.22%
14/10/2021,"2,459.50",35.86M,0.31%
13/10/2021,"2,451.89",36.42M,-0.83%
12/10/2021,"2,472.33",41.70M,0.61%
11/10/2021,"2,457.36",24.02M,1.92%
08/10/2021,"2,411.12",30.32M,2.19%
07/10/2021,"2,359.54",23.40M,0.43%
06/10/2021,"2,349.46",27.55M,-0.65%
05/10/2021,"2,364.72",19.72M,1.14%
04/10/2021,"2,338.09",25.60M,0.44%
01/10/2021,"2,327.88",19.98M,0.76%
30/09/2021,"2,310.29",31.18M,0.84%
29/09/2021,"2,290.97",14.39M,0.67%
28/09/2021,"2,275.68",18.88M,-0.73%
27/09/2021,"2,292.47",19.10M,-0.29%
24/09/2021,"2,299.18",19.27M,-0.92%
23/09/2021,"2,320.51",20.17M,-0.58%
22/09/2021,"2,334.10",16.13M,2.46%
21/09/2021,"2,278.11",19.64M,0.25%
20/09/2021,"2,272.52",29.45M,-2.59%
17/09/2021,"2,333.01",41.81M,-1.03%
16/09/2021,"2,357.28",24.99M,0.09%
15/09/2021,"2,355.23",27.75M,-0.87%
14/09/2021,"2,376.01",24.38M,-0.49%
13/09/2021,"2,387.74",18.83M,1.15%
10/09/2021,"2,360.70",16.23M,0.18%
09/09/2021,"2,356.39",14.50M,-0.35%
08/09/2021,"2,364.63",20.55M,-1.26%
07/09/2021,"2,394.79",14.66M,-0.89%
06/09/2021,"2,416.38",13.17M,1.49%
03/09/2021,"2,380.82",14.36M,-0.46%
02/09/2021,"2,391.94",18.96M,0.88%
01/09/2021,"2,371.16",17.99M,0.13%
31/08/2021,"2,368.03",31.00M,0.76%
30/08/2021,"2,350.23",13.73M,1.14%
27/08/2021,"2,323.77",11.84M,0.62%
26/08/2021,"2,309.44",10.05M,-0.68%
25/08/2021,"2,325.19",13.89M,1.06%
24/08/2021,"2,300.90",14.31M,0.58%
23/08/2021,"2,287.52",21.32M,1.42%
20/08/2021,"2,255.56",14.21M,-0.20%
19/08/2021,"2,260.02",19.68M,-1.09%
18/08/2021,"2,284.97",13.45M,-0.66%
17/08/2021,"2,300.04",15.60M,0.79%
16/08/2021,"2,282.10",10.66M,-0.87%
13/08/2021,"2,302.03",11.45M,0.19%
12/08/2021,"2,297.72",16.57M,0.61%
11/08/2021,"2,283.69",16.18M,0.28%
10/08/2021,"2,277.23",12.81M,0.12%
09/08/2021,"2,274.48",10.39M,0.03%
06/08/2021,"2,273.89",14.71M,0.14%
05/08/2021,"2,270.67",15.52M,-0.06%
04/08/2021,"2,272.09",12.49M,0.64%
03/08/2021,"2,257.73",15.65M,0.20%
02/08/2021,"2,253.28",11.74M,-0.01%
30/07/2021,"2,253.45",22.44M,-0.54%
29/07/2021,"2,265.69",16.33M,0.89%
28/07/2021,"2,245.76",13.82M,0.95%
27/07/2021,"2,224.59",10.72M,-0.72%
26/07/2021,"2,240.65",12.55M,-0.08%
23/07/2021,"2,242.41",15.03M,0.56%
22/07/2021,"2,229.86",10.96M,-0.54%
21/07/2021,"2,241.97",17.38M,0.93%
20/07/2021,"2,221.28",17.11M,0.70%
19/07/2021,"2,205.86",19.85M,-2.31%
16/07/2021,"2,258.10",13.64M,-0.11%
15/07/2021,"2,260.49",15.89M,-0.36%
14/07/2021,"2,268.57",17.34M,0.19%
13/07/2021,"2,264.26",16.11M,0.39%
12/07/2021,"2,255.48",17.28M,0.16%
09/07/2021,"2,251.78",14.57M,0.77%
08/07/2021,"2,234.60",23.27M,-2.24%
07/07/2021,"2,285.79",24.21M,2.57%
06/07/2021,"2,228.46",15.38M,-1.34%
05/07/2021,"2,258.82",11.13M,0.29%
02/07/2021,"2,252.18",15.01M,0.07%
01/07/2021,"2,250.58",26.31M,1.45%
30/06/2021,"2,218.41",30.17M,-1.76%
29/06/2021,"2,258.24",20.80M,-1.21%
28/06/2021,"2,285.81",14.43M,0.15%
25/06/2021,"2,282.46",18.35M,0.41%
24/06/2021,"2,273.11",21.55M,1.76%
23/06/2021,"2,233.70",12.35M,0.59%
22/06/2021,"2,220.53",17.20M,0.05%
21/06/2021,"2,219.45",13.48M,-0.06%
18/06/2021,"2,220.68",50.66M,0.41%
17/06/2021,"2,211.58",23.15M,-0.62%
16/06/2021,"2,225.27",24.20M,-0.23%
15/06/2021,"2,230.37",22.22M,-1.01%
14/06/2021,"2,253.20",12.60M,1.28%
11/06/2021,"2,224.67",17.32M,-0.55%
10/06/2021,"2,236.89",22.44M,0.83%
09/06/2021,"2,218.45",21.21M,-0.86%
08/06/2021,"2,237.61",25.08M,-0.40%
07/06/2021,"2,246.63",21.17M,-0.35%
04/06/2021,"2,254.59",25.16M,0.10%
02/06/2021,"2,252.26",24.45M,0.85%
01/06/2021,"2,233.37",23.32M,0.00%
31/05/2021,"2,233.36",16.71M,-0.13%
28/05/2021,"2,236.31",27.21M,1.31%
27/05/2021,"2,207.47",45.27M,1.97%
26/05/2021,"2,164.89",33.87M,0.52%
25/05/2021,"2,153.78",28.53M,0.92%
24/05/2021,"2,134.18",19.81M,-0.23%
21/05/2021,"2,139.06",29.83M,0.37%
20/05/2021,"2,131.18",32.57M,0.76%
19/05/2021,"2,115.15",26.38M,-1.00%
18/05/2021,"2,136.54",28.21M,0.38%
17/05/2021,"2,128.49",22.93M,1.71%
14/05/2021,"2,092.80",23.11M,0.17%
13/05/2021,"2,089.32",32.20M,-0.10%
12/05/2021,"2,091.39",26.48M,-0.90%
11/05/2021,"2,110.48",46.96M,-0.25%
10/05/2021,"2,115.70",25.94M,0.88%
07/05/2021,"2,097.31",25.89M,2.47%
06/05/2021,"2,046.67",26.38M,-0.03%
05/05/2021,"2,047.36",21.52M,2.16%
04/05/2021,"2,004.04",24.34M,-1.65%
30/04/2021,"2,037.59",26.43M,-0.64%
29/04/2021,"2,050.69",47.08M,1.04%
28/04/2021,"2,029.64",43.35M,1.54%
27/04/2021,"1,998.92",19.35M,-0.31%
26/04/2021,"2,005.10",18.12M,0.93%
23/04/2021,"1,986.63",25.70M,-0.16%
22/04/2021,"1,989.73",19.12M,0.37%
21/04/2021,"1,982.40",24.04M,-0.27%
20/04/2021,"1,987.76",26.62M,-0.56%
19/04/2021,"1,998.99",28.60M,-0.66%
16/04/2021,"2,012.27",27.39M,-0.35%
15/04/2021,"2,019.29",24.16M,0.36%
14/04/2021,"2,011.96",28.77M,1.89%
13/04/2021,"1,974.73",27.87M,-0.40%
12/04/2021,"1,982.58",54.89M,0.38%
09/04/2021,"1,975.11",40.17M,-0.26%
08/04/2021,"1,980.32",25.52M,-0.92%
07/04/2021,"1,998.73",24.86M,-0.70%
06/04/2021,"2,012.87",32.04M,2.99%
01/04/2021,"1,954.38",28.61M,0.80%
31/03/2021,"1,938.84",30.61M,-0.18%
30/03/2021,"1,942.32",20.45M,-0.55%
29/03/2021,"1,953.02",25.52M,1.79%
26/03/2021,"1,918.71",21.57M,2.23%
25/03/2021,"1,876.85",31.15M,-1.22%
24/03/2021,"1,899.95",29.08M,-1.23%
23/03/2021,"1,923.55",22.75M,-0.29%
22/03/2021,"1,929.12",36.85M,0.08%
19/03/2021,"1,927.56",68.17M,-1.69%
18/03/2021,"1,960.75",30.62M,1.12%
17/03/2021,"1,939.01",68.19M,-2.14%
16/03/2021,"1,981.41",23.58M,-0.99%
15/03/2021,"2,001.24",19.98M,-0.24%
12/03/2021,"2,006.11",19.55M,0.59%
11/03/2021,"1,994.38",24.28M,-0.46%
10/03/2021,"2,003.55",31.71M,0.47%
09/03/2021,"1,994.18",36.78M,1.47%
08/03/2021,"1,965.25",26.76M,1.32%
05/03/2021,"1,939.59",28.37M,-0.27%
04/03/2021,"1,944.86",28.79M,0.08%
03/03/2021,"1,943.24",29.32M,-0.83%
02/03/2021,"1,959.52",28.97M,0.51%
01/03/2021,"1,949.57",29.77M,2.22%
26/02/2021,"1,907.28",54.39M,-1.51%
25/02/2021,"1,936.47",32.92M,-0.07%
24/02/2021,"1,937.90",27.51M,0.80%
23/02/2021,"1,922.59",31.47M,-1.99%
22/02/2021,"1,961.62",23.61M,-1.19%
19/02/2021,"1,985.31",28.90M,0.23%
18/02/2021,"1,980.77",34.65M,-0.30%
17/02/2021,"1,986.80",28.84M,-0.88%
16/02/2021,"2,004.54",32.79M,1.50%
15/02/2021,"1,974.82",16.08M,1.95%
12/02/2021,"1,937.07",15.01M,-0.91%
11/02/2021,"1,954.92",19.74M,1.95%
10/02/2021,"1,917.54",18.76M,-1.24%
09/02/2021,"1,941.60",19.00M,-0.54%
08/02/2021,"1,952.10",21.30M,-0.29%
05/02/2021,"1,957.73",19.16M,1.59%
04/02/2021,"1,927.02",20.88M,-0.70%
03/02/2021,"1,940.69",24.77M,-0.68%
02/02/2021,"1,954.02",24.58M,-0.70%
01/02/2021,"1,967.72",23.10M,1.01%
29/01/2021,"1,948.01",37.30M,-2.00%
28/01/2021,"1,987.83",37.51M,3.04%
27/01/2021,"1,929.21",40.98M,-2.66%
26/01/2021,"1,981.98",28.11M,1.86%
25/01/2021,"1,945.78",22.89M,-0.35%
22/01/2021,"1,952.67",21.14M,-0.04%
21/01/2021,"1,953.49",25.60M,-1.64%
20/01/2021,"1,986.09",26.55M,0.30%
19/01/2021,"1,980.12",32.70M,-2.16%
18/01/2021,"2,023.74",32.64M,1.92%
15/01/2021,"1,985.68",31.25M,-2.27%
14/01/2021,"2,031.71",25.10M,0.41%
13/01/2021,"2,023.36",38.72M,-1.00%
12/01/2021,"2,043.73",25.29M,-1.12%
11/01/2021,"2,066.97",30.64M,-0.28%
08/01/2021,"2,072.74",42.48M,-0.07%
07/01/2021,"2,074.11",38.31M,3.23%
05/01/2021,"2,009.12",29.86M,0.02%
04/01/2021,"2,008.75",29.39M,1.25%
30/12/2020,"1,983.98",24.18M,-1.59%
29/12/2020,"2,016.01",19.09M,0.58%
28/12/2020,"2,004.41",24.15M,2.48%
23/12/2020,"1,955.84",18.89M,1.42%
22/12/2020,"1,928.40",19.82M,2.10%
21/12/2020,"1,888.80",39.62M,-3.26%
18/12/2020,"1,952.54",61.28M,-1.18%
17/12/2020,"1,975.76",43.58M,-0.48%
16/12/2020,"1,985.26",34.10M,1.51%
15/12/2020,"1,955.69",27.79M,0.86%
14/12/2020,"1,939.07",34.17M,-0.60%
11/12/2020,"1,950.85",38.52M,-1.67%
10/12/2020,"1,984.00",40.47M,-0.51%
09/12/2020,"1,994.12",57.96M,1.21%
08/12/2020,"1,970.27",33.49M,0.60%
07/12/2020,"1,958.53",32.12M,0.56%
04/12/2020,"1,947.68",28.41M,3.05%
03/12/2020,"1,890.11",29.80M,-0.41%
02/12/2020,"1,897.97",27.34M,2.41%
01/12/2020,"1,853.38",26.82M,1.28%
30/11/2020,"1,830.04",70.55M,-1.22%
27/11/2020,"1,852.69",20.43M,0.17%
26/11/2020,"1,849.57",17.69M,-0.57%
25/11/2020,"1,860.15",28.02M,0.04%
24/11/2020,"1,859.42",26.74M,1.49%
23/11/2020,"1,832.04",26.24M,0.61%
20/11/2020,"1,820.85",24.02M,1.74%
19/11/2020,"1,789.79",25.26M,-1.14%
18/11/2020,"1,810.43",31.03M,0.94%
17/11/2020,"1,793.56",38.78M,-0.30%
16/11/2020,"1,799.02",46.54M,2.84%
13/11/2020,"1,749.41",25.82M,-1.25%
12/11/2020,"1,771.49",52.04M,-0.44%
10/11/2020,"1,779.34",55.22M,0.77%
09/11/2020,"1,765.71",59.97M,4.02%
06/11/2020,"1,697.49",29.42M,1.62%
05/11/2020,"1,670.43",29.24M,1.80%
04/11/2020,"1,640.94",32.89M,0.28%
03/11/2020,"1,636.28",42.71M,5.15%
02/11/2020,"1,556.14",35.37M,2.65%
30/10/2020,"1,515.97",40.06M,-1.74%
29/10/2020,"1,542.76",36.97M,-0.45%
28/10/2020,"1,549.74",39.35M,-4.66%
27/10/2020,"1,625.54",29.28M,-0.38%
26/10/2020,"1,631.66",21.45M,-0.83%
23/10/2020,"1,645.32",61.47M,0.16%
22/10/2020,"1,642.70",27.41M,0.08%
21/10/2020,"1,641.42",21.08M,-0.90%
20/10/2020,"1,656.34",23.65M,0.50%
19/10/2020,"1,648.11",22.94M,-0.44%
16/10/2020,"1,655.36",37.75M,1.71%
15/10/2020,"1,627.59",37.93M,-2.55%
14/10/2020,"1,670.26",50.00M,0.61%
13/10/2020,"1,660.12",26.02M,-1.37%
12/10/2020,"1,683.21",25.09M,-0.92%
09/10/2020,"1,698.91",27.42M,-1.22%
08/10/2020,"1,719.91",22.05M,-0.96%
07/10/2020,"1,736.61",23.83M,0.07%
06/10/2020,"1,735.45",26.46M,0.21%
05/10/2020,"1,731.85",20.26M,2.03%
02/10/2020,"1,697.39",18.30M,0.19%
01/10/2020,"1,694.18",22.31M,-1.08%
30/09/2020,"1,712.73",25.68M,-0.32%
29/09/2020,"1,718.21",21.35M,-1.16%
28/09/2020,"1,738.44",37.98M,3.84%
25/09/2020,"1,674.14",44.11M,0.49%
24/09/2020,"1,665.96",24.21M,-1.15%
23/09/2020,"1,685.40",26.00M,-0.45%
22/09/2020,"1,693.09",31.72M,0.64%
21/09/2020,"1,682.26",51.95M,-2.86%
18/09/2020,"1,731.76",48.98M,-0.80%
17/09/2020,"1,745.73",31.09M,0.44%
16/09/2020,"1,738.10",27.37M,-0.33%
15/09/2020,"1,743.93",32.47M,-0.84%
14/09/2020,"1,758.65",20.62M,-0.80%
11/09/2020,"1,772.89",15.96M,0.45%
10/09/2020,"1,764.86",17.67M,-0.48%
09/09/2020,"1,773.37",22.51M,2.28%
08/09/2020,"1,733.88",33.90M,-2.20%
07/09/2020,"1,772.85",16.04M,0.84%
04/09/2020,"1,758.11",19.74M,-0.63%
03/09/2020,"1,769.19",26.37M,-0.91%
02/09/2020,"1,785.44",32.16M,0.72%
01/09/2020,"1,772.61",30.29M,-1.53%
31/08/2020,"1,800.21",33.68M,-1.62%
28/08/2020,"1,829.79",13.67M,-0.90%
27/08/2020,"1,846.50",13.56M,-0.10%
26/08/2020,"1,848.35",14.17M,1.49%
25/08/2020,"1,821.29",14.76M,-1.10%
24/08/2020,"1,841.46",13.22M,1.15%
21/08/2020,"1,820.60",13.13M,0.31%
20/08/2020,"1,815.03",12.59M,-0.99%
19/08/2020,"1,833.22",14.30M,-0.39%
18/08/2020,"1,840.33",19.94M,-1.17%
17/08/2020,"1,862.12",12.79M,0.30%
14/08/2020,"1,856.56",10.71M,-0.10%
13/08/2020,"1,858.35",14.61M,0.13%
12/08/2020,"1,855.86",17.23M,0.44%
11/08/2020,"1,847.73",23.94M,1.35%
10/08/2020,"1,823.15",16.62M,0.33%
07/08/2020,"1,817.23",21.92M,-0.08%
06/08/2020,"1,818.64",19.95M,-0.79%
05/08/2020,"1,833.20",24.20M,1.20%
04/08/2020,"1,811.46",20.23M,0.39%
03/08/2020,"1,804.38",20.03M,2.08%
31/07/2020,"1,767.54",36.03M,0.25%
30/07/2020,"1,763.22",38.55M,-3.36%
29/07/2020,"1,824.53",26.31M,0.06%
28/07/2020,"1,823.52",33.30M,-0.40%
27/07/2020,"1,830.87",29.47M,1.13%
24/07/2020,"1,810.33",20.02M,-0.54%
23/07/2020,"1,820.25",22.44M,-0.57%
22/07/2020,"1,830.61",28.04M,-0.80%
21/07/2020,"1,845.34",63.35M,0.26%
20/07/2020,"1,840.60",43.20M,2.48%
17/07/2020,"1,796.04",28.25M,-0.17%
16/07/2020,"1,799.08",24.07M,0.24%
15/07/2020,"1,794.78",31.62M,1.30%
14/07/2020,"1,771.70",37.54M,-1.66%
13/07/2020,"1,801.64",22.25M,0.24%
10/07/2020,"1,797.27",19.02M,0.31%
09/07/2020,"1,791.68",23.15M,0.19%
08/07/2020,"1,788.22",18.72M,-0.71%
07/07/2020,"1,800.93",21.87M,-0.97%
06/07/2020,"1,818.55",21.28M,0.98%
03/07/2020,"1,800.96",15.91M,-0.17%
02/07/2020,"1,804.01",36.33M,1.78%
01/07/2020,"1,772.38",30.48M,0.77%
30/06/2020,"1,758.82",33.78M,-0.60%
29/06/2020,"1,769.47",32.08M,0.57%
26/06/2020,"1,759.43",27.87M,-1.89%
25/06/2020,"1,793.36",33.80M,0.51%
24/06/2020,"1,784.23",38.48M,-2.29%
23/06/2020,"1,825.99",44.38M,1.61%
22/06/2020,"1,797.05",43.85M,-0.60%
19/06/2020,"1,807.85",91.77M,0.67%
18/06/2020,"1,795.86",75.87M,0.45%
17/06/2020,"1,787.81",50.20M,-0.57%
16/06/2020,"1,798.00",66.68M,3.25%
15/06/2020,"1,741.47",89.29M,-2.65%
12/06/2020,"1,788.83",89.47M,-2.84%
10/06/2020,"1,841.18",99.91M,0.30%
09/06/2020,"1,835.59",63.66M,-0.31%
08/06/2020,"1,841.25",47.83M,-0.07%
05/06/2020,"1,842.47",59.25M,3.13%
04/06/2020,"1,786.58",48.70M,1.12%
03/06/2020,"1,766.85",61.76M,1.76%
02/06/2020,"1,736.36",48.47M,0.16%
01/06/2020,"1,733.52",36.71M,0.63%
29/05/2020,"1,722.65",76.82M,0.24%
28/05/2020,"1,718.45",59.31M,0.64%
27/05/2020,"1,707.59",59.90M,-0.12%
26/05/2020,"1,709.71",58.20M,3.95%
25/05/2020,"1,644.74",12.11M,0.88%
22/05/2020,"1,630.44",19.97M,-0.45%
21/05/2020,"1,637.84",22.16M,-0.90%
20/05/2020,"1,652.64",24.02M,0.76%
19/05/2020,"1,640.18",24.49M,0.07%
18/05/2020,"1,639.08",29.45M,4.23%
15/05/2020,"1,572.55",18.37M,-0.42%
14/05/2020,"1,579.16",26.39M,-2.18%
13/05/2020,"1,614.32",24.39M,-0.50%
12/05/2020,"1,622.51",29.57M,2.22%
11/05/2020,"1,587.31",17.94M,-1.19%
08/05/2020,"1,606.50",15.38M,1.21%
07/05/2020,"1,587.35",21.76M,1.24%
06/05/2020,"1,567.98",34.61M,-1.93%
05/05/2020,"1,598.84",22.42M,-0.11%
04/05/2020,"1,600.65",23.79M,-2.91%
30/04/2020,"1,648.68",46.69M,-0.16%
29/04/2020,"1,651.33",35.81M,3.58%
28/04/2020,"1,594.25",37.31M,0.14%
27/04/2020,"1,591.97",34.03M,-0.62%
24/04/2020,"1,601.91",26.30M,-1.49%
23/04/2020,"1,626.10",30.89M,1.31%
22/04/2020,"1,605.12",32.63M,2.01%
21/04/2020,"1,573.44",33.52M,-4.06%
20/04/2020,"1,640.06",28.32M,0.89%
17/04/2020,"1,625.59",41.66M,1.73%
16/04/2020,"1,597.90",43.49M,-0.52%
15/04/2020,"1,606.21",50.59M,-3.38%
14/04/2020,"1,662.40",46.44M,2.89%
09/04/2020,"1,615.72",50.39M,2.31%
08/04/2020,"1,579.18",55.93M,-1.52%
07/04/2020,"1,603.50",64.70M,1.42%
06/04/2020,"1,581.05",45.61M,4.95%
03/04/2020,"1,506.48",49.71M,1.00%
02/04/2020,"1,491.55",48.12M,0.62%
01/04/2020,"1,482.42",36.50M,-2.01%
31/03/2020,"1,512.84",59.77M,2.38%
30/03/2020,"1,477.65",28.43M,0.12%
27/03/2020,"1,475.90",33.22M,-1.08%
26/03/2020,"1,492.01",36.79M,3.48%
25/03/2020,"1,441.83",47.38M,-0.63%
24/03/2020,"1,451.02",37.40M,3.24%
23/03/2020,"1,405.45",43.98M,-5.57%
20/03/2020,"1,488.42",109.52M,1.29%
19/03/2020,"1,469.43",51.61M,4.86%
18/03/2020,"1,401.29",78.27M,-1.96%
17/03/2020,"1,429.28",81.57M,6.54%
16/03/2020,"1,341.54",64.57M,-1.79%
13/03/2020,"1,365.97",74.14M,4.61%
12/03/2020,"1,305.73",57.19M,-13.28%
11/03/2020,"1,505.64",44.94M,-5.87%
10/03/2020,"1,599.48",39.33M,-1.63%
09/03/2020,"1,625.99",40.49M,-7.87%
06/03/2020,"1,764.81",34.44M,-3.18%
05/03/2020,"1,822.85",25.50M,-2.05%
04/03/2020,"1,860.95",28.14M,-1.52%
03/03/2020,"1,889.67",39.06M,4.53%
02/03/2020,"1,807.70",40.21M,2.19%
28/02/2020,"1,768.91",70.09M,-4.41%
27/02/2020,"1,850.61",33.43M,-4.29%
26/02/2020,"1,933.51",33.55M,-0.63%
25/02/2020,"1,945.71",32.36M,-2.76%
24/02/2020,"2,000.90",25.03M,-4.20%
21/02/2020,"2,088.53",16.53M,-0.54%
20/02/2020,"2,099.88",20.48M,-0.72%
19/02/2020,"2,115.18",21.47M,0.08%
18/02/2020,"2,113.49",13.88M,-0.36%
17/02/2020,"2,121.14",14.22M,0.28%
14/02/2020,"2,115.29",20.89M,-0.23%
13/02/2020,"2,120.07",19.11M,-0.29%
12/02/2020,"2,126.31",21.38M,0.90%
11/02/2020,"2,107.40",21.36M,0.69%
10/02/2020,"2,092.89",16.13M,-0.82%
07/02/2020,"2,110.20",18.96M,-0.07%
06/02/2020,"2,111.76",23.41M,-0.53%
05/02/2020,"2,122.91",21.93M,0.77%
04/02/2020,"2,106.63",32.25M,1.63%
03/02/2020,"2,072.88",25.39M,0.34%
31/01/2020,"2,065.90",38.29M,-0.68%
30/01/2020,"2,079.98",23.19M,-0.87%
29/01/2020,"2,098.18",25.64M,0.01%
28/01/2020,"2,098.04",17.44M,0.68%
27/01/2020,"2,083.79",20.98M,-3.27%
24/01/2020,"2,154.28",17.63M,0.27%
23/01/2020,"2,148.41",22.56M,0.09%
22/01/2020,"2,146.56",27.44M,-0.53%
21/01/2020,"2,158.04",18.93M,-0.92%
20/01/2020,"2,178.06",15.63M,0.10%
17/01/2020,"2,175.95",19.78M,0.10%
16/01/2020,"2,173.74",20.76M,0.40%
15/01/2020,"2,165.08",22.75M,-0.82%
14/01/2020,"2,182.96",29.39M,-0.52%
13/01/2020,"2,194.42",22.07M,1.22%
10/01/2020,"2,167.91",16.50M,0.48%
09/01/2020,"2,157.61",19.89M,1.97%
08/01/2020,"2,115.99",20.74M,-1.35%
07/01/2020,"2,145.01",19.56M,-1.33%
03/01/2020,"2,173.97",20.63M,-1.19%
02/01/2020,"2,200.10",21.37M,2.33%
30/12/2019,"2,150.09",11.04M,-0.08%
27/12/2019,"2,151.74",12.08M,0.43%
23/12/2019,"2,142.54",15.09M,0.68%
20/12/2019,"2,128.04",57.32M,-0.27%
19/12/2019,"2,133.72",21.90M,0.09%
18/12/2019,"2,131.85",30.29M,-0.02%
17/12/2019,"2,132.25",32.73M,0.91%
16/12/2019,"2,112.93",22.02M,0.30%
13/12/2019,"2,106.51",27.12M,0.21%
12/12/2019,"2,102.19",28.65M,2.68%
11/12/2019,"2,047.34",23.87M,-0.33%
10/12/2019,"2,054.11",18.79M,-0.60%
09/12/2019,"2,066.55",17.67M,-0.32%
06/12/2019,"2,073.11",42.64M,-0.91%
05/12/2019,"2,092.12",22.12M,0.49%
04/12/2019,"2,081.89",24.26M,-0.38%
03/12/2019,"2,089.92",21.51M,-1.53%
02/12/2019,"2,122.30",25.65M,-1.70%
29/11/2019,"2,158.94",14.55M,-0.47%
28/11/2019,"2,169.09",12.15M,-0.56%
27/11/2019,"2,181.33",17.17M,-0.42%
26/11/2019,"2,190.58",60.98M,-0.32%
25/11/2019,"2,197.54",16.69M,0.43%
22/11/2019,"2,188.24",18.02M,0.40%
21/11/2019,"2,179.53",20.45M,-0.69%
20/11/2019,"2,194.58",20.56M,-0.57%
19/11/2019,"2,207.25",21.48M,-1.02%
18/11/2019,"2,229.92",18.06M,-0.18%
15/11/2019,"2,233.87",13.70M,0.35%
14/11/2019,"2,226.15",22.56M,-0.42%
13/11/2019,"2,235.52",33.58M,-0.59%
12/11/2019,"2,248.81",26.64M,-0.29%
08/11/2019,"2,255.46",31.73M,-0.74%
07/11/2019,"2,272.17",26.65M,0.75%
06/11/2019,"2,255.34",17.54M,-0.75%
05/11/2019,"2,272.45",23.39M,0.37%
04/11/2019,"2,264.06",30.02M,3.19%
31/10/2019,"2,194.10",26.16M,-1.49%
30/10/2019,"2,227.38",17.68M,-0.02%
29/10/2019,"2,227.93",26.63M,0.73%
28/10/2019,"2,211.80",17.16M,1.68%
25/10/2019,"2,175.27",19.87M,-1.50%
24/10/2019,"2,208.36",19.41M,-0.01%
23/10/2019,"2,208.54",13.81M,-0.16%
22/10/2019,"2,212.15",19.25M,1.32%
21/10/2019,"2,183.25",16.19M,0.85%
18/10/2019,"2,164.75",18.87M,-0.41%
17/10/2019,"2,173.75",17.71M,0.82%
16/10/2019,"2,156.06",22.41M,0.06%
15/10/2019,"2,154.80",21.48M,0.29%
14/10/2019,"2,148.53",15.54M,-0.53%
11/10/2019,"2,159.91",16.43M,1.74%
10/10/2019,"2,122.99",18.22M,-0.53%
09/10/2019,"2,134.37",15.84M,0.12%
08/10/2019,"2,131.83",19.64M,0.47%
07/10/2019,"2,121.87",13.98M,0.03%
04/10/2019,"2,121.16",17.50M,1.04%
03/10/2019,"2,099.30",24.70M,0.05%
02/10/2019,"2,098.28",18.84M,-2.52%
01/10/2019,"2,152.50",18.58M,-0.96%
30/09/2019,"2,173.29",16.43M,-0.60%
27/09/2019,"2,186.31",12.47M,0.64%
26/09/2019,"2,172.47",19.18M,0.59%
25/09/2019,"2,159.68",20.19M,-0.72%
24/09/2019,"2,175.24",17.41M,1.30%
23/09/2019,"2,147.32",22.07M,-1.12%
20/09/2019,"2,171.75",47.92M,-0.91%
19/09/2019,"2,191.61",17.06M,-0.61%
18/09/2019,"2,205.02",25.06M,0.56%
17/09/2019,"2,192.71",27.70M,-1.13%
16/09/2019,"2,217.84",25.33M,0.77%
13/09/2019,"2,200.95",16.09M,0.54%
12/09/2019,"2,189.07",21.93M,-0.01%
11/09/2019,"2,189.21",23.65M,0.06%
10/09/2019,"2,187.80",27.35M,0.62%
09/09/2019,"2,174.41",24.03M,2.44%
06/09/2019,"2,122.60",17.30M,0.75%
05/09/2019,"2,106.89",24.07M,0.20%
04/09/2019,"2,102.73",29.90M,-0.21%
03/09/2019,"2,107.16",18.87M,-1.74%
02/09/2019,"2,144.48",10.92M,0.43%
30/08/2019,"2,135.25",26.05M,3.19%
29/08/2019,"2,069.33",18.07M,0.87%
28/08/2019,"2,051.44",21.93M,-2.10%
27/08/2019,"2,095.45",47.79M,-0.14%
26/08/2019,"2,098.41",14.03M,-0.25%
23/08/2019,"2,103.68",16.63M,-0.21%
22/08/2019,"2,108.05",22.40M,0.10%
21/08/2019,"2,105.88",16.86M,-0.20%
20/08/2019,"2,110.11",23.04M,0.37%
19/08/2019,"2,102.23",19.01M,1.85%
16/08/2019,"2,064.12",27.57M,-0.69%
14/08/2019,"2,078.39",25.52M,-2.89%
13/08/2019,"2,140.19",26.86M,1.44%
12/08/2019,"2,109.73",16.35M,-0.84%
09/08/2019,"2,127.61",26.95M,-1.45%
08/08/2019,"2,158.88",22.72M,0.97%
07/08/2019,"2,138.23",28.87M,-0.83%
06/08/2019,"2,156.23",28.12M,-0.37%
05/08/2019,"2,164.14",25.32M,-2.36%
02/08/2019,"2,216.51",19.93M,-1.08%
01/08/2019,"2,240.78",27.03M,-1.61%
31/07/2019,"2,277.37",29.66M,0.59%
30/07/2019,"2,263.92",23.16M,-0.96%
29/07/2019,"2,285.93",15.79M,-0.86%
26/07/2019,"2,305.79",18.09M,-0.20%
25/07/2019,"2,310.31",20.97M,-1.07%
24/07/2019,"2,335.41",22.51M,-0.02%
23/07/2019,"2,335.86",20.20M,-0.28%
22/07/2019,"2,342.51",18.65M,-0.06%
19/07/2019,"2,344.03",28.62M,0.97%
18/07/2019,"2,321.41",28.50M,0.64%
17/07/2019,"2,306.67",33.03M,-0.64%
16/07/2019,"2,321.52",30.05M,-0.12%
15/07/2019,"2,324.21",20.05M,0.38%
12/07/2019,"2,315.36",21.94M,-0.07%
11/07/2019,"2,316.95",23.03M,0.18%
10/07/2019,"2,312.77",33.90M,0.01%
09/07/2019,"2,312.63",24.57M,-1.13%
08/07/2019,"2,339.07",22.64M,-0.13%
05/07/2019,"2,342.01",22.83M,-0.61%
04/07/2019,"2,356.49",13.91M,0.47%
03/07/2019,"2,345.56",19.65M,0.19%
02/07/2019,"2,341.09",22.88M,0.49%
01/07/2019,"2,329.74",21.20M,0.09%
28/06/2019,"2,327.67",19.37M,-0.32%
27/06/2019,"2,335.13",37.40M,0.78%
26/06/2019,"2,317.17",37.54M,0.60%
25/06/2019,"2,303.31",29.02M,-1.19%
24/06/2019,"2,331.08",19.03M,0.99%
21/06/2019,"2,308.32",61.72M,-0.49%
19/06/2019,"2,319.71",22.04M,-0.23%
18/06/2019,"2,325.16",36.18M,2.13%
17/06/2019,"2,276.60",20.06M,-0.43%
14/06/2019,"2,286.46",20.51M,-0.60%
13/06/2019,"2,300.20",26.11M,0.76%
12/06/2019,"2,282.80",29.30M,-0.56%
11/06/2019,"2,295.60",29.04M,0.57%
10/06/2019,"2,282.51",18.08M,0.08%
07/06/2019,"2,280.60",23.64M,0.87%
06/06/2019,"2,260.94",43.22M,1.69%
05/06/2019,"2,223.27",27.02M,-0.47%
04/06/2019,"2,233.75",18.73M,-0.18%
03/06/2019,"2,237.71",15.76M,-0.07%
31/05/2019,"2,239.31",23.22M,0.80%
30/05/2019,"2,221.56",30.83M,1.56%
29/05/2019,"2,187.45",32.75M,-0.25%
28/05/2019,"2,192.87",44.70M,0.15%
27/05/2019,"2,189.66",9.08M,0.07%
24/05/2019,"2,188.20",18.08M,0.70%
23/05/2019,"2,173.09",23.24M,-1.86%
22/05/2019,"2,214.36",20.97M,1.07%
21/05/2019,"2,190.93",22.50M,0.71%
20/05/2019,"2,175.51",19.88M,-0.40%
17/05/2019,"2,184.35",19.18M,-0.19%
16/05/2019,"2,188.43",21.95M,0.89%
15/05/2019,"2,169.18",29.23M,0.24%
14/05/2019,"2,163.94",25.23M,-0.42%
13/05/2019,"2,172.97",19.99M,-0.86%
10/05/2019,"2,191.91",22.67M,0.57%
09/05/2019,"2,179.40",21.73M,-1.91%
08/05/2019,"2,221.82",22.68M,-0.54%
07/05/2019,"2,233.80",25.06M,-2.46%
06/05/2019,"2,290.13",16.35M,-1.25%
02/05/2019,"2,319.08",15.30M,-0.65%
30/04/2019,"2,334.21",22.86M,-1.43%
29/04/2019,"2,368.08",14.69M,-0.18%
26/04/2019,"2,372.25",13.49M,0.57%
25/04/2019,"2,358.76",16.94M,-0.57%
24/04/2019,"2,372.33",21.56M,0.07%
23/04/2019,"2,370.63",10.84M,0.22%
18/04/2019,"2,365.36",20.18M,-0.54%
17/04/2019,"2,378.31",35.38M,0.26%
16/04/2019,"2,372.18",21.52M,0.59%
15/04/2019,"2,358.19",15.28M,-0.36%
12/04/2019,"2,366.71",14.63M,-0.35%
11/04/2019,"2,374.97",16.26M,-0.70%
10/04/2019,"2,391.80",22.59M,1.01%
09/04/2019,"2,367.84",19.74M,0.35%
08/04/2019,"2,359.52",14.39M,0.36%
05/04/2019,"2,351.08",23.74M,-1.57%
04/04/2019,"2,388.59",20.82M,-0.79%
03/04/2019,"2,407.63",20.78M,1.54%
02/04/2019,"2,371.14",16.65M,1.30%
01/04/2019,"2,340.74",14.67M,1.24%
29/03/2019,"2,312.09",26.23M,-0.07%
28/03/2019,"2,313.77",11.71M,-0.06%
27/03/2019,"2,315.17",16.89M,-0.42%
26/03/2019,"2,324.91",12.80M,0.52%
25/03/2019,"2,312.79",13.41M,-0.27%
22/03/2019,"2,319.10",15.74M,-1.69%
21/03/2019,"2,359.02",17.89M,0.31%
20/03/2019,"2,351.83",15.97M,-0.03%
19/03/2019,"2,352.42",18.35M,0.28%
18/03/2019,"2,345.84",17.18M,-0.02%
15/03/2019,"2,346.25",70.61M,1.16%
14/03/2019,"2,319.28",17.67M,0.19%
13/03/2019,"2,314.79",27.01M,0.20%
12/03/2019,"2,310.10",18.23M,0.43%
11/03/2019,"2,300.22",17.66M,0.05%
08/03/2019,"2,298.97",14.50M,-0.41%
07/03/2019,"2,308.48",16.18M,-0.80%
06/03/2019,"2,327.16",20.22M,0.25%
05/03/2019,"2,321.32",15.91M,-0.29%
04/03/2019,"2,328.05",26.00M,-0.22%
01/03/2019,"2,333.11",20.11M,0.04%
28/02/2019,"2,332.23",26.91M,-0.07%
27/02/2019,"2,333.81",15.76M,-1.36%
26/02/2019,"2,365.93",18.13M,-0.24%
25/02/2019,"2,371.69",17.55M,0.68%
22/02/2019,"2,355.77",23.73M,0.68%
21/02/2019,"2,339.85",24.78M,-1.26%
20/02/2019,"2,369.70",20.21M,2.04%
19/02/2019,"2,322.41",15.93M,-0.14%
18/02/2019,"2,325.67",15.05M,-0.54%
15/02/2019,"2,338.20",16.24M,0.79%
14/02/2019,"2,319.92",29.71M,-1.13%
13/02/2019,"2,346.39",17.34M,-1.04%
12/02/2019,"2,370.99",16.07M,0.71%
11/02/2019,"2,354.28",16.27M,0.01%
08/02/2019,"2,354.11",17.53M,-0.73%
07/02/2019,"2,371.33",14.48M,-1.78%
06/02/2019,"2,414.41",18.80M,0.21%
05/02/2019,"2,409.32",17.45M,0.79%
04/02/2019,"2,390.46",18.12M,-0.12%
01/02/2019,"2,393.43",13.85M,0.56%
31/01/2019,"2,380.11",28.05M,0.95%
30/01/2019,"2,357.79",22.58M,-0.65%
29/01/2019,"2,373.30",22.35M,0.11%
28/01/2019,"2,370.62",27.05M,-1.17%
25/01/2019,"2,398.74",30.21M,-0.32%
24/01/2019,"2,406.38",26.49M,-0.03%
23/01/2019,"2,407.09",30.60M,2.03%
22/01/2019,"2,359.23",19.79M,0.04%
21/01/2019,"2,358.30",10.40M,-0.82%
18/01/2019,"2,377.87",25.83M,0.80%
17/01/2019,"2,358.97",21.90M,-0.22%
16/01/2019,"2,364.17",21.25M,0.84%
15/01/2019,"2,344.56",20.07M,0.73%
14/01/2019,"2,327.66",21.57M,-0.32%
11/01/2019,"2,335.10",27.21M,-0.01%
10/01/2019,"2,335.31",22.73M,-0.28%
09/01/2019,"2,341.84",30.38M,0.72%
08/01/2019,"2,325.19",26.79M,-0.27%
07/01/2019,"2,331.45",29.45M,2.04%
04/01/2019,"2,284.95",19.54M,1.68%
03/01/2019,"2,247.22",18.45M,-2.36%
02/01/2019,"2,301.62",15.52M,1.10%
28/12/2018,"2,276.63",17.14M,1.12%
27/12/2018,"2,251.38",15.78M,-0.37%
21/12/2018,"2,259.77",69.88M,-2.03%
20/12/2018,"2,306.68",33.39M,-1.54%
19/12/2018,"2,342.81",28.90M,1.19%
18/12/2018,"2,315.18",26.10M,1.46%
17/12/2018,"2,281.87",20.76M,-0.94%
14/12/2018,"2,303.41",22.12M,-0.31%
13/12/2018,"2,310.66",32.71M,1.56%
12/12/2018,"2,275.15",39.81M,2.42%
11/12/2018,"2,221.37",29.51M,-0.92%
10/12/2018,"2,242.10",17.08M,-1.73%
07/12/2018,"2,281.54",22.01M,-0.56%
06/12/2018,"2,294.34",32.44M,-2.56%
05/12/2018,"2,354.54",36.55M,0.41%
04/12/2018,"2,344.91",37.20M,0.67%
03/12/2018,"2,329.37",29.92M,1.67%
30/11/2018,"2,291.08",34.73M,-0.53%
29/11/2018,"2,303.37",22.75M,1.72%
28/11/2018,"2,264.51",25.76M,1.87%
27/11/2018,"2,222.85",17.08M,0.42%
26/11/2018,"2,213.57",15.95M,-0.53%
23/11/2018,"2,225.39",11.23M,-0.49%
22/11/2018,"2,236.35",17.73M,0.75%
21/11/2018,"2,219.62",31.29M,2.73%
20/11/2018,"2,160.57",29.18M,-1.33%
19/11/2018,"2,189.73",27.28M,1.12%
16/11/2018,"2,165.46",40.37M,-1.70%
15/11/2018,"2,202.91",35.40M,-1.30%
14/11/2018,"2,231.90",24.87M,0.63%
13/11/2018,"2,217.97",18.26M,-0.64%
09/11/2018,"2,232.25",16.56M,-1.35%
08/11/2018,"2,262.84",21.97M,-0.61%
07/11/2018,"2,276.65",24.83M,2.08%
06/11/2018,"2,230.34",16.63M,-0.15%
05/11/2018,"2,233.74",15.28M,1.64%
02/11/2018,"2,197.68",22.66M,2.13%
31/10/2018,"2,151.88",30.17M,1.37%
30/10/2018,"2,122.73",15.08M,0.90%
29/10/2018,"2,103.72",13.90M,1.01%
26/10/2018,"2,082.77",17.91M,-2.80%
25/10/2018,"2,142.69",20.41M,-0.08%
24/10/2018,"2,144.40",19.78M,-0.16%
23/10/2018,"2,147.81",19.31M,-2.06%
22/10/2018,"2,193.08",16.55M,-0.18%
19/10/2018,"2,196.99",16.63M,0.41%
18/10/2018,"2,188.10",16.97M,-0.52%
17/10/2018,"2,199.53",23.45M,-0.78%
16/10/2018,"2,216.80",22.09M,2.15%
15/10/2018,"2,170.05",17.48M,-0.76%
12/10/2018,"2,186.62",23.95M,1.24%
11/10/2018,"2,159.88",25.76M,-1.70%
10/10/2018,"2,197.34",22.30M,-2.40%
09/10/2018,"2,251.32",19.09M,1.22%
08/10/2018,"2,224.13",17.48M,-1.77%
05/10/2018,"2,264.20",23.64M,-0.50%
04/10/2018,"2,275.65",26.51M,-0.98%
03/10/2018,"2,298.20",24.32M,0.80%
02/10/2018,"2,280.04",17.25M,-0.17%
01/10/2018,"2,284.01",13.92M,-0.05%
28/09/2018,"2,285.11",27.17M,-1.29%
27/09/2018,"2,315.07",20.97M,0.46%
26/09/2018,"2,304.45",18.93M,0.62%
25/09/2018,"2,290.19",20.45M,0.42%
24/09/2018,"2,280.60",23.65M,1.02%
21/09/2018,"2,257.47",143.57M,-0.05%
20/09/2018,"2,258.63",26.68M,-0.02%
19/09/2018,"2,259.10",31.90M,1.26%
18/09/2018,"2,231.04",20.44M,0.91%
17/09/2018,"2,210.99",21.58M,-0.94%
14/09/2018,"2,232.07",16.89M,-0.06%
13/09/2018,"2,233.46",23.60M,1.05%
12/09/2018,"2,210.16",38.31M,-1.70%
11/09/2018,"2,248.35",27.93M,-0.99%
10/09/2018,"2,270.83",19.00M,0.60%
07/09/2018,"2,257.30",24.02M,-1.56%
06/09/2018,"2,293.01",22.39M,-0.11%
05/09/2018,"2,295.51",32.08M,-1.11%
04/09/2018,"2,321.24",25.19M,-1.46%
03/09/2018,"2,355.67",14.02M,0.76%
31/08/2018,"2,337.96",23.79M,-0.68%
30/08/2018,"2,353.92",24.80M,-1.12%
29/08/2018,"2,380.68",25.96M,-0.41%
28/08/2018,"2,390.42",19.47M,0.86%
27/08/2018,"2,369.97",17.89M,2.48%
24/08/2018,"2,312.70",15.80M,-0.44%
23/08/2018,"2,322.86",27.52M,1.19%
22/08/2018,"2,295.63",20.83M,0.64%
21/08/2018,"2,281.02",14.06M,2.01%
20/08/2018,"2,236.08",16.51M,0.83%
17/08/2018,"2,217.74",16.08M,-1.96%
16/08/2018,"2,262.10",18.81M,-0.47%
14/08/2018,"2,272.73",12.66M,0.52%
13/08/2018,"2,260.88",16.50M,0.61%
10/08/2018,"2,247.15",24.70M,-3.34%
09/08/2018,"2,324.73",13.23M,0.76%
08/08/2018,"2,307.12",21.39M,0.13%
07/08/2018,"2,304.11",11.83M,0.36%
06/08/2018,"2,295.82",8.41M,0.39%
03/08/2018,"2,286.92",10.68M,0.13%
02/08/2018,"2,283.94",14.95M,-1.36%
01/08/2018,"2,315.48",19.27M,0.58%
31/07/2018,"2,302.13",22.47M,-1.10%
30/07/2018,"2,327.77",15.67M,1.62%
27/07/2018,"2,290.77",13.81M,-0.60%
26/07/2018,"2,304.67",21.76M,1.94%
25/07/2018,"2,260.70",15.24M,0.73%
24/07/2018,"2,244.27",21.41M,1.80%
23/07/2018,"2,204.53",17.75M,0.99%
20/07/2018,"2,182.92",24.53M,1.68%
19/07/2018,"2,146.82",19.91M,-0.11%
18/07/2018,"2,149.12",15.72M,-0.19%
17/07/2018,"2,153.21",16.47M,0.90%
16/07/2018,"2,133.98",9.57M,-1.07%
13/07/2018,"2,157.14",11.28M,-0.19%
12/07/2018,"2,161.20",13.20M,0.32%
11/07/2018,"2,154.28",13.98M,-1.07%
10/07/2018,"2,177.67",20.83M,1.21%
09/07/2018,"2,151.70",11.23M,-0.02%
06/07/2018,"2,152.06",14.27M,-0.21%
05/07/2018,"2,156.59",13.92M,-1.19%
04/07/2018,"2,182.51",9.61M,1.03%
03/07/2018,"2,160.24",12.36M,1.93%
02/07/2018,"2,119.31",15.84M,-0.76%
29/06/2018,"2,135.47",21.96M,1.75%
28/06/2018,"2,098.75",19.64M,-2.08%
27/06/2018,"2,143.25",19.42M,-0.47%
26/06/2018,"2,153.40",18.25M,-0.12%
25/06/2018,"2,155.90",18.59M,-0.32%
22/06/2018,"2,162.88",21.10M,0.56%
21/06/2018,"2,150.91",19.89M,-0.15%
20/06/2018,"2,154.18",16.67M,1.58%
19/06/2018,"2,120.75",23.46M,-1.41%
18/06/2018,"2,150.98",15.52M,-2.36%
15/06/2018,"2,203.01",47.62M,-1.58%
14/06/2018,"2,238.39",18.22M,-0.02%
13/06/2018,"2,238.94",23.77M,-0.60%
12/06/2018,"2,252.39",17.69M,0.80%
11/06/2018,"2,234.52",13.89M,-0.69%
08/06/2018,"2,250.06",17.55M,-0.91%
07/06/2018,"2,270.75",24.58M,0.62%
06/06/2018,"2,256.67",23.62M,0.03%
05/06/2018,"2,255.95",24.15M,2.07%
04/06/2018,"2,210.10",20.71M,0.91%
01/06/2018,"2,190.26",30.13M,1.54%
30/05/2018,"2,157.07",159.37M,-1.59%
29/05/2018,"2,191.95",36.31M,-1.17%
28/05/2018,"2,217.87",12.35M,0.21%
25/05/2018,"2,213.24",29.69M,0.00%
24/05/2018,"2,213.26",30.16M,0.18%
23/05/2018,"2,209.32",28.55M,-1.75%
22/05/2018,"2,248.71",19.61M,-0.87%
21/05/2018,"2,268.39",16.85M,1.71%
18/05/2018,"2,230.32",21.80M,-1.13%
17/05/2018,"2,255.78",23.79M,-0.88%
16/05/2018,"2,275.91",21.01M,-0.02%
15/05/2018,"2,276.45",37.03M,-1.92%
14/05/2018,"2,321.09",15.06M,-0.36%
11/05/2018,"2,329.36",16.77M,1.16%
10/05/2018,"2,302.71",26.55M,0.95%
09/05/2018,"2,281.12",22.33M,2.00%
08/05/2018,"2,236.40",26.74M,1.00%
07/05/2018,"2,214.36",11.50M,-0.85%
04/05/2018,"2,233.35",18.29M,-2.56%
02/05/2018,"2,291.92",15.07M,0.00%
30/04/2018,"2,291.87",12.11M,0.68%
27/04/2018,"2,276.41",16.39M,-0.30%
26/04/2018,"2,283.15",18.87M,1.16%
25/04/2018,"2,257.00",20.47M,-0.53%
24/04/2018,"2,269.06",20.94M,-0.98%
23/04/2018,"2,291.59",17.63M,-0.29%
20/04/2018,"2,298.20",21.45M,-1.14%
19/04/2018,"2,324.73",17.01M,0.40%
18/04/2018,"2,315.50",20.96M,0.33%
17/04/2018,"2,307.95",16.63M,0.34%
16/04/2018,"2,300.20",10.68M,-0.44%
13/04/2018,"2,310.32",18.52M,0.17%
12/04/2018,"2,306.44",21.92M,1.52%
11/04/2018,"2,271.93",25.20M,-0.13%
10/04/2018,"2,274.81",30.39M,0.56%
09/04/2018,"2,262.16",23.03M,0.15%
06/04/2018,"2,258.80",16.92M,0.68%
05/04/2018,"2,243.58",16.92M,1.94%
04/04/2018,"2,200.99",20.73M,-1.70%
03/04/2018,"2,239.15",18.92M,1.30%
29/03/2018,"2,210.38",17.31M,0.30%
28/03/2018,"2,203.70",28.63M,-1.90%
27/03/2018,"2,246.32",19.03M,0.25%
26/03/2018,"2,240.65",16.79M,-0.73%
23/03/2018,"2,257.22",22.17M,-0.74%
22/03/2018,"2,274.10",28.59M,-2.01%
21/03/2018,"2,320.77",26.44M,2.14%
20/03/2018,"2,272.09",22.18M,1.05%
19/03/2018,"2,248.53",16.20M,-1.60%
16/03/2018,"2,285.08",62.26M,-1.58%
15/03/2018,"2,321.87",21.05M,-0.60%
14/03/2018,"2,335.97",28.55M,-0.72%
13/03/2018,"2,353.02",23.99M,-1.08%
12/03/2018,"2,378.72",17.17M,1.03%
09/03/2018,"2,354.54",23.88M,1.40%
08/03/2018,"2,322.09",23.04M,-1.59%
07/03/2018,"2,359.57",25.35M,0.86%
06/03/2018,"2,339.51",18.83M,0.40%
05/03/2018,"2,330.10",14.02M,0.69%
02/03/2018,"2,314.23",23.19M,-0.89%
01/03/2018,"2,334.96",30.07M,-1.24%
28/02/2018,"2,364.32",34.96M,-2.36%
27/02/2018,"2,421.51",23.94M,0.53%
26/02/2018,"2,408.63",11.84M,0.10%
23/02/2018,"2,406.11",16.01M,-0.19%
22/02/2018,"2,410.69",26.23M,0.22%
21/02/2018,"2,405.47",18.15M,-0.32%
20/02/2018,"2,413.23",7.94M,0.20%
19/02/2018,"2,408.49",7.44M,0.06%
16/02/2018,"2,406.96",13.45M,-0.69%
15/02/2018,"2,423.57",17.93M,-1.07%
14/02/2018,"2,449.79",19.55M,0.75%
13/02/2018,"2,431.67",19.28M,0.71%
12/02/2018,"2,414.41",15.32M,1.33%
09/02/2018,"2,382.79",32.36M,-0.98%
08/02/2018,"2,406.48",21.04M,-1.44%
07/02/2018,"2,441.67",26.69M,1.23%
06/02/2018,"2,412.03",32.49M,-3.75%
05/02/2018,"2,505.98",17.94M,-0.05%
02/02/2018,"2,507.24",17.74M,-1.06%
01/02/2018,"2,534.21",17.53M,-0.77%
31/01/2018,"2,553.81",17.99M,-0.48%
30/01/2018,"2,566.14",17.76M,-1.05%
29/01/2018,"2,593.40",14.46M,-0.27%
26/01/2018,"2,600.48",19.19M,0.43%
25/01/2018,"2,589.30",20.92M,-1.23%
24/01/2018,"2,621.59",19.31M,-0.33%
23/01/2018,"2,630.37",28.51M,0.36%
22/01/2018,"2,620.87",17.12M,0.73%
19/01/2018,"2,601.82",14.91M,0.41%
18/01/2018,"2,591.22",17.71M,-0.35%
17/01/2018,"2,600.37",20.61M,0.36%
16/01/2018,"2,591.10",30.69M,1.91%
15/01/2018,"2,542.65",9.11M,0.13%
12/01/2018,"2,539.29",17.34M,0.19%
11/01/2018,"2,534.56",24.59M,0.93%
10/01/2018,"2,511.27",20.88M,-0.68%
09/01/2018,"2,528.38",23.98M,-0.79%
08/01/2018,"2,548.61",20.12M,0.75%
05/01/2018,"2,529.55",24.86M,-0.14%
04/01/2018,"2,533.17",30.46M,2.84%
03/01/2018,"2,463.25",20.68M,0.08%
29/12/2017,"2,461.21",14.24M,-0.77%
28/12/2017,"2,480.25",14.43M,-0.02%
27/12/2017,"2,480.63",16.98M,1.43%
22/12/2017,"2,445.65",10.11M,-0.73%
21/12/2017,"2,463.59",14.93M,0.17%
20/12/2017,"2,459.33",16.78M,0.14%
19/12/2017,"2,455.99",14.65M,-0.41%
18/12/2017,"2,466.08",16.87M,2.03%
15/12/2017,"2,416.95",39.45M,-0.73%
14/12/2017,"2,434.61",25.03M,1.04%
13/12/2017,"2,409.46",16.89M,-0.17%
12/12/2017,"2,413.68",23.13M,1.12%
11/12/2017,"2,386.93",13.45M,-0.91%
08/12/2017,"2,408.83",24.55M,0.65%
07/12/2017,"2,393.34",30.21M,-0.06%
06/12/2017,"2,394.67",28.56M,-0.54%
05/12/2017,"2,407.72",16.61M,0.15%
04/12/2017,"2,404.15",18.50M,0.60%
01/12/2017,"2,389.92",20.57M,-0.78%
30/11/2017,"2,408.69",44.73M,-1.13%
29/11/2017,"2,436.24",17.02M,-1.99%
28/11/2017,"2,485.71",18.23M,-0.46%
27/11/2017,"2,497.15",13.57M,0.72%
24/11/2017,"2,479.25",11.57M,-0.99%
23/11/2017,"2,503.93",11.57M,0.58%
22/11/2017,"2,489.50",18.17M,0.02%
21/11/2017,"2,489.08",21.24M,0.85%
20/11/2017,"2,468.09",14.08M,0.99%
17/11/2017,"2,443.83",13.23M,1.36%
16/11/2017,"2,411.11",24.88M,-0.32%
15/11/2017,"2,418.96",17.08M,-1.84%
14/11/2017,"2,464.35",20.01M,0.40%
13/11/2017,"2,454.60",26.69M,-0.12%
10/11/2017,"2,457.62",26.89M,-0.83%
09/11/2017,"2,478.21",20.89M,-1.40%
08/11/2017,"2,513.34",20.13M,-0.91%
07/11/2017,"2,536.37",23.71M,0.84%
06/11/2017,"2,515.34",14.10M,0.83%
03/11/2017,"2,494.52",16.36M,-0.28%
02/11/2017,"2,501.40",15.11M,-0.93%
31/10/2017,"2,524.90",15.67M,0.31%
30/10/2017,"2,517.03",12.46M,1.15%
27/10/2017,"2,488.50",25.52M,1.32%
26/10/2017,"2,456.17",30.67M,0.26%
25/10/2017,"2,449.89",13.71M,0.06%
24/10/2017,"2,448.45",20.89M,-1.01%
23/10/2017,"2,473.42",14.76M,0.32%
20/10/2017,"2,465.51",19.16M,-0.08%
19/10/2017,"2,467.49",20.08M,-1.39%
18/10/2017,"2,502.34",18.13M,-0.48%
17/10/2017,"2,514.36",20.08M,-0.80%
16/10/2017,"2,534.52",15.73M,0.25%
13/10/2017,"2,528.16",14.28M,-0.38%
12/10/2017,"2,537.69",21.37M,-0.55%
11/10/2017,"2,551.78",32.74M,1.40%
10/10/2017,"2,516.49",15.67M,0.69%
09/10/2017,"2,499.35",11.98M,0.80%
06/10/2017,"2,479.46",20.00M,0.65%
05/10/2017,"2,463.45",17.93M,0.79%
04/10/2017,"2,444.19",25.13M,-1.03%
03/10/2017,"2,469.51",19.84M,0.00%
02/10/2017,"2,469.58",15.27M,0.66%
29/09/2017,"2,453.46",19.54M,1.09%
28/09/2017,"2,427.04",18.05M,-0.28%
27/09/2017,"2,433.82",12.15M,-0.39%
26/09/2017,"2,443.34",14.17M,-0.40%
25/09/2017,"2,453.15",12.08M,-1.11%
22/09/2017,"2,480.73",16.70M,0.49%
21/09/2017,"2,468.72",18.55M,-1.24%
20/09/2017,"2,499.63",12.88M,-0.13%
19/09/2017,"2,502.81",16.35M,0.04%
18/09/2017,"2,501.75",15.09M,0.14%
15/09/2017,"2,498.32",44.02M,-0.36%
14/09/2017,"2,507.43",20.55M,0.29%
13/09/2017,"2,500.16",18.01M,-0.23%
12/09/2017,"2,505.88",18.66M,-0.30%
11/09/2017,"2,513.44",17.10M,1.20%
08/09/2017,"2,483.58",18.17M,-0.33%
07/09/2017,"2,491.79",24.76M,-0.82%
06/09/2017,"2,512.40",18.70M,-0.20%
05/09/2017,"2,517.45",20.40M,-0.08%
04/09/2017,"2,519.42",15.06M,-0.32%
01/09/2017,"2,527.62",15.90M,0.45%
31/08/2017,"2,516.26",26.15M,-0.33%
30/08/2017,"2,524.57",24.31M,1.08%
29/08/2017,"2,497.58",23.90M,-1.33%
28/08/2017,"2,531.31",21.49M,2.41%
25/08/2017,"2,471.74",19.64M,0.63%
24/08/2017,"2,456.27",28.82M,2.73%
23/08/2017,"2,391.06",14.97M,0.16%
22/08/2017,"2,387.24",18.20M,0.42%
21/08/2017,"2,377.28",18.08M,0.74%
18/08/2017,"2,359.87",18.98M,0.28%
17/08/2017,"2,353.18",22.42M,-1.18%
16/08/2017,"2,381.18",24.49M,0.19%
14/08/2017,"2,376.66",12.26M,0.21%
11/08/2017,"2,371.72",17.59M,-0.46%
10/08/2017,"2,382.67",20.44M,-1.06%
09/08/2017,"2,408.11",18.51M,-0.70%
08/08/2017,"2,425.02",17.92M,1.54%
07/08/2017,"2,388.21",12.89M,0.34%
04/08/2017,"2,380.16",14.22M,0.62%
03/08/2017,"2,365.48",19.91M,-0.02%
02/08/2017,"2,366.06",23.66M,-0.85%
01/08/2017,"2,386.40",21.99M,0.52%
31/07/2017,"2,374.17",27.54M,0.58%
28/07/2017,"2,360.42",23.28M,0.40%
27/07/2017,"2,350.91",19.42M,-0.40%
26/07/2017,"2,360.26",16.09M,0.81%
25/07/2017,"2,341.36",25.05M,0.29%
24/07/2017,"2,334.69",13.87M,-0.36%
21/07/2017,"2,343.10",20.64M,-0.65%
20/07/2017,"2,358.50",24.81M,-0.67%
19/07/2017,"2,374.31",22.26M,0.57%
18/07/2017,"2,360.75",18.68M,-0.48%
17/07/2017,"2,372.17",18.29M,0.92%
14/07/2017,"2,350.43",20.60M,-0.02%
13/07/2017,"2,350.83",32.08M,0.40%
12/07/2017,"2,341.54",30.80M,1.91%
11/07/2017,"2,297.73",17.64M,-0.13%
10/07/2017,"2,300.66",13.26M,0.21%
07/07/2017,"2,295.82",13.06M,-0.21%
06/07/2017,"2,300.74",13.31M,-0.29%
05/07/2017,"2,307.49",19.00M,0.58%
04/07/2017,"2,294.27",12.07M,-1.27%
03/07/2017,"2,323.74",10.84M,1.04%
30/06/2017,"2,299.80",20.12M,-1.26%
29/06/2017,"2,329.26",15.56M,0.07%
28/06/2017,"2,327.68",18.70M,-0.74%
27/06/2017,"2,345.05",23.10M,0.31%
26/06/2017,"2,337.69",16.79M,1.44%
23/06/2017,"2,304.48",21.77M,-0.16%
22/06/2017,"2,308.16",18.95M,-0.47%
21/06/2017,"2,319.13",28.21M,0.71%
20/06/2017,"2,302.83",19.69M,-1.35%
19/06/2017,"2,334.27",26.72M,1.29%
16/06/2017,"2,304.50",35.24M,0.37%
14/06/2017,"2,295.99",23.32M,-0.28%
13/06/2017,"2,302.41",16.78M,0.32%
12/06/2017,"2,295.01",16.47M,-1.53%
09/06/2017,"2,330.72",20.80M,-0.41%
08/06/2017,"2,340.23",24.47M,1.37%
07/06/2017,"2,308.64",27.35M,0.22%
06/06/2017,"2,303.68",19.90M,1.22%
05/06/2017,"2,276.01",16.07M,-1.18%
02/06/2017,"2,303.21",19.61M,1.10%
01/06/2017,"2,278.26",25.96M,-0.13%
31/05/2017,"2,281.18",49.62M,-0.48%
30/05/2017,"2,292.27",17.73M,-1.35%
29/05/2017,"2,323.58",6.71M,-0.12%
26/05/2017,"2,326.28",16.85M,-1.36%
25/05/2017,"2,358.41",31.90M,1.44%
24/05/2017,"2,324.99",23.59M,0.74%
23/05/2017,"2,307.84",18.97M,-1.51%
22/05/2017,"2,343.13",20.46M,0.62%
19/05/2017,"2,328.70",21.63M,1.46%
18/05/2017,"2,295.14",22.98M,-0.31%
17/05/2017,"2,302.21",28.73M,-1.63%
16/05/2017,"2,340.34",23.04M,-1.55%
15/05/2017,"2,377.15",16.60M,0.37%
12/05/2017,"2,368.50",28.75M,0.15%
11/05/2017,"2,364.93",34.95M,-0.64%
10/05/2017,"2,380.25",23.43M,-1.38%
09/05/2017,"2,413.53",23.81M,1.66%
08/05/2017,"2,374.23",19.66M,-0.33%
05/05/2017,"2,382.17",26.51M,0.05%
04/05/2017,"2,381.00",39.73M,-0.46%
02/05/2017,"2,392.09",19.79M,0.64%
28/04/2017,"2,376.87",27.64M,-0.25%
27/04/2017,"2,382.78",26.21M,-0.05%
26/04/2017,"2,383.97",30.80M,1.31%
25/04/2017,"2,353.17",25.37M,2.45%
24/04/2017,"2,296.90",19.95M,1.45%
21/04/2017,"2,264.07",25.88M,-0.95%
20/04/2017,"2,285.82",27.11M,0.49%
19/04/2017,"2,274.69",29.98M,1.67%
18/04/2017,"2,237.36",25.38M,0.17%
13/04/2017,"2,233.63",21.12M,0.88%
12/04/2017,"2,214.06",22.53M,-0.35%
11/04/2017,"2,221.82",23.44M,-0.99%
10/04/2017,"2,244.02",12.88M,-0.19%
07/04/2017,"2,248.33",17.34M,-0.27%
06/04/2017,"2,254.47",16.51M,0.04%
05/04/2017,"2,253.64",19.89M,0.64%
04/04/2017,"2,239.30",16.06M,0.87%
03/04/2017,"2,219.88",15.15M,2.02%
31/03/2017,"2,175.96",25.58M,-1.50%
30/03/2017,"2,209.10",22.10M,-0.24%
29/03/2017,"2,214.45",22.06M,-0.49%
28/03/2017,"2,225.41",20.40M,1.07%
27/03/2017,"2,201.88",15.55M,-1.47%
24/03/2017,"2,234.82",14.35M,-0.02%
23/03/2017,"2,235.33",24.46M,0.52%
22/03/2017,"2,223.84",25.58M,-1.28%
21/03/2017,"2,252.57",25.94M,-1.27%
20/03/2017,"2,281.45",16.58M,-0.68%
17/03/2017,"2,296.97",62.88M,0.58%
16/03/2017,"2,283.70",30.88M,2.41%
15/03/2017,"2,229.87",26.09M,-0.38%
14/03/2017,"2,238.38",35.07M,-0.19%
13/03/2017,"2,242.55",21.40M,1.93%
10/03/2017,"2,200.03",24.59M,0.47%
09/03/2017,"2,189.66",33.50M,-1.07%
08/03/2017,"2,213.24",24.39M,0.56%
07/03/2017,"2,200.98",27.29M,-0.74%
06/03/2017,"2,217.41",23.45M,-0.70%
03/03/2017,"2,232.98",35.07M,-0.95%
02/03/2017,"2,254.51",38.92M,0.02%
01/03/2017,"2,253.96",33.22M,2.86%
